Páginas principales,Clics,Impresiones,CTR,Posición
https://www.correrjuntos.com/,143,761,18.79%,4.16
https://www.correrjuntos.com/carreras/trail-costa-quebrada,70,203,34.48%,4.44
https://www.correrjuntos.com/carreras/cursa-merce-barcelona,68,804,8.46%,6.76
https://www.correrjuntos.com/blog/en/madrid-marathon-guide,67,4925,1.36%,9.3
https://www.correrjuntos.com/carreras/cursa-bombers-barcelona,52,838,6.21%,7.61
https://www.correrjuntos.com/cities/montevideo,50,555,9.01%,8.07
https://www.correrjuntos.com/blog/zapatillas-deka-strong-atlas,47,382,12.3%,4.59
https://correrjuntos.com/,46,96,47.92%,3.29
https://www.correrjuntos.com/blog/maraton-madrid-guia,45,1457,3.09%,12.58
https://www.correrjuntos.com/blog/en/running-groups-barcelona,44,1308,3.36%,7.62
https://www.correrjuntos.com/blog/mejores-zapatillas-running-sobrepeso,37,2142,1.73%,9.47
https://www.correrjuntos.com/cities/granada,37,693,5.34%,15.79
https://www.correrjuntos.com/blog/grupos-running-madrid,36,479,7.52%,11.48
https://www.correrjuntos.com/carreras/carrera-empresas-madrid,34,582,5.84%,11.79
https://www.correrjuntos.com/blog/en/running-groups-madrid,30,911,3.29%,7.35
https://www.correrjuntos.com/blog/cuanto-tardo-en-correr-5km,28,8973,0.31%,9.47
https://www.correrjuntos.com/blog/mejores-geles-energeticos-running,28,1468,1.91%,16.41
https://www.correrjuntos.com/carreras/jean-bouin-barcelona,28,1251,2.24%,8.21
https://www.correrjuntos.com/blog/mejores-zapatillas-hyrox,28,729,3.84%,11.7
https://www.correrjuntos.com/blog/carreras-trail-principiantes,28,346,8.09%,16.9
https://www.correrjuntos.com/blog/en/salomon-speedcross-6-vs-hoka-speedgoat-6,26,1412,1.84%,7.24
https://www.correrjuntos.com/blog/gorras-running,26,1217,2.14%,6.82
https://www.correrjuntos.com/carreras/nocturna-guadalquivir-sevilla,25,445,5.62%,8.91
https://www.correrjuntos.com/blog/empezar-a-correr-despues-de-los-60,25,432,5.79%,9.08
https://www.correrjuntos.com/blog/ritmo-para-principiantes-running,24,909,2.64%,9.8
https://www.correrjuntos.com/cities/salamanca,23,236,9.75%,10.76
https://www.correrjuntos.com/cities/guadalajara,22,408,5.39%,8.78
https://www.correrjuntos.com/cities/vigo,22,274,8.03%,9.99
https://www.correrjuntos.com/blog/hoka-clifton-10-vs-asics-novablast-5,21,320,6.56%,10.41
https://www.correrjuntos.com/cities/san-sebastian,21,299,7.02%,11.61
https://www.correrjuntos.com/cities/quito,21,290,7.24%,6.8
http://correrjuntos.com/,21,24,87.5%,1.71
https://www.correrjuntos.com/cities/murcia,20,306,6.54%,11.06
https://www.correrjuntos.com/blog/grupos-running-madrid-principiantes,19,325,5.85%,10.02
https://www.correrjuntos.com/cities/pamplona,19,151,12.58%,12.18
https://www.correrjuntos.com/blog/grupos-running-bilbao,18,110,16.36%,6.5
https://www.correrjuntos.com/blog/mejores-zapatillas-running-asfalto,16,2348,0.68%,13.45
https://www.correrjuntos.com/cities/sevilla,16,191,8.38%,16.41
https://www.correrjuntos.com/blog/quedadas-correr-barcelona,16,185,8.65%,8.46
https://www.correrjuntos.com/blog/en/best-budget-running-shoes,15,5307,0.28%,6.97
https://www.correrjuntos.com/cities/madrid,15,292,5.14%,14.15
https://www.correrjuntos.com/blog/en/marathon-sub-3-30-plan,14,1309,1.07%,13.01
https://www.correrjuntos.com/blog/en/running-soft-flasks,14,1004,1.39%,8.57
https://www.correrjuntos.com/blog/ropa-correr-segun-temperatura,14,745,1.88%,9.75
https://www.correrjuntos.com/blog/grupos-running-zaragoza,14,254,5.51%,21.37
https://www.correrjuntos.com/cities/las-palmas,14,152,9.21%,11.34
https://www.correrjuntos.com/blog/mejores-auriculares-running,13,1391,0.93%,10.8
https://www.correrjuntos.com/cities/brussels,13,335,3.88%,9.7
https://www.correrjuntos.com/cities/lima,13,197,6.6%,10.69
https://www.correrjuntos.com/cities/bilbao,13,128,10.16%,9.89
https://www.correrjuntos.com/blog/periodizacion-entrenamiento-running,12,499,2.4%,6.62
https://www.correrjuntos.com/cities/zaragoza,12,427,2.81%,32.25
https://www.correrjuntos.com/places/parque-del-oeste,12,176,6.82%,6.39
https://www.correrjuntos.com/cities/santander,12,162,7.41%,9.14
https://www.correrjuntos.com/blog/en/asics-gel-nimbus-26-vs-nike-pegasus-41,11,1601,0.69%,6.87
https://www.correrjuntos.com/blog/en/best-half-marathon-shoes,11,1365,0.81%,18.74
https://www.correrjuntos.com/blog/mejores-garmin-running,11,991,1.11%,9.69
https://www.correrjuntos.com/blog/en/san-silvestre-vallecana-guide,11,692,1.59%,6.45
https://www.correrjuntos.com/blog/mejores-recuperadores-running,11,288,3.82%,7.97
https://www.correrjuntos.com/cities/alicante,11,166,6.63%,11.09
https://www.correrjuntos.com/carreras/carrera-corte-ingles,11,142,7.75%,8.56
https://www.correrjuntos.com/carreras/marato-montserrat,11,76,14.47%,7.25
https://www.correrjuntos.com/blog/en/strava-vs-garmin-connect,10,4644,0.22%,9.92
https://www.correrjuntos.com/blog/apps-correr-en-grupo,10,395,2.53%,6.68
https://www.correrjuntos.com/blog/en/running-groups-seville,10,386,2.59%,7.79
https://www.correrjuntos.com/blog/empezar-a-correr-despues-de-los-50,10,325,3.08%,9.08
https://www.correrjuntos.com/blog/en/find-runners-malaga,10,247,4.05%,7.53
https://www.correrjuntos.com/cities/barcelona,10,237,4.22%,19.4
https://www.correrjuntos.com/blog/bidones-running,10,187,5.35%,8.7
https://www.correrjuntos.com/cities/cordoba,10,136,7.35%,8.73
https://www.correrjuntos.com/blog/mejores-apps-running.html,9,2225,0.4%,5.48
https://www.correrjuntos.com/blog/en/running-caps,9,1612,0.56%,11.6
https://www.correrjuntos.com/blog/en/best-recovery-drinks-running,9,1447,0.62%,11.09
https://www.correrjuntos.com/blog/en/new-balance-1080-vs-hoka-clifton,9,1125,0.8%,7.2
https://www.correrjuntos.com/blog/mejores-proteinas-running,9,497,1.81%,7.86
https://www.correrjuntos.com/blog/cinturones-running,9,185,4.86%,6.39
https://www.correrjuntos.com/cities/oviedo,9,184,4.89%,10.86
https://www.correrjuntos.com/cities/guadalajara.html,9,87,10.34%,8.52
https://www.correrjuntos.com/carreras/15k-nocturna-bilbao,9,29,31.03%,9.83
https://www.correrjuntos.com/blog/carga-hidratos-maraton.html,8,516,1.55%,6.38
https://www.correrjuntos.com/places/retiro,8,446,1.79%,8.68
https://www.correrjuntos.com/blog/en/running-groups-valencia,8,407,1.97%,9.14
https://www.correrjuntos.com/blog/gafas-running,8,228,3.51%,14.46
https://www.correrjuntos.com/cities/mexico-city,8,221,3.62%,12.56
https://www.correrjuntos.com/blog/cursa-de-la-merce-2026,8,191,4.19%,6.07
https://www.correrjuntos.com/blog/mejores-pulsometros-running-2026,8,173,4.62%,6.03
https://www.correrjuntos.com/cities/pamplona.html,8,47,17.02%,8.85
https://www.correrjuntos.com/blog/en/best-running-shoes-overweight,7,3141,0.22%,11.55
https://www.correrjuntos.com/blog/en/start-running-when-embarrassed,7,727,0.96%,9.76
https://www.correrjuntos.com/blog/carga-hidratos-maraton,7,717,0.98%,7.56
https://www.correrjuntos.com/blog/zapatillas-running-supinadores,7,670,1.04%,14.1
https://www.correrjuntos.com/blog/mejores-creatinas-running,7,618,1.13%,8.82
https://www.correrjuntos.com/blog/material-trail-running,7,513,1.36%,5.72
https://www.correrjuntos.com/blog/asics-novablast-5-opinion,7,315,2.22%,9.07
https://www.correrjuntos.com/blog/apple-watch-running-review,7,287,2.44%,8.74
https://www.correrjuntos.com/blog/maraton-valencia-guia,7,250,2.8%,11.32
https://www.correrjuntos.com/cities/malaga,7,185,3.78%,14.88
https://www.correrjuntos.com/blog/calcetines-running,7,138,5.07%,5.25
https://www.correrjuntos.com/cities/santiago,7,122,5.74%,10.56
https://www.correrjuntos.com/cities/palma,7,55,12.73%,14.38
https://www.correrjuntos.com/blog/chubasqueros-running,7,47,14.89%,7.26
https://www.correrjuntos.com/equipamiento/bebidas-hidratacion-running,6,3378,0.18%,5.62
https://www.correrjuntos.com/blog/en/best-budget-running-headphones,6,1252,0.48%,8.37
https://www.correrjuntos.com/blog/en/polar-pacer-pro-review,6,817,0.73%,8.23
https://www.correrjuntos.com/blog/volta-a-peu-valencia-2026,6,749,0.8%,9.11
https://www.correrjuntos.com/blog/en/seville-marathon-guide,6,579,1.04%,11.02
https://www.correrjuntos.com/blog/mejores-zapatillas-on-running,6,337,1.78%,10.96
https://www.correrjuntos.com/blog/en/best-trail-running-shoes,6,220,2.73%,12.43
https://www.correrjuntos.com/blog/en/beginner-running-groups-madrid,6,192,3.12%,7.28
https://www.correrjuntos.com/cities/coruna,6,185,3.24%,11.53
https://www.correrjuntos.com/blog/plan-maraton-sub-4-horas,6,156,3.85%,17.24
https://www.correrjuntos.com/planes/media-maraton-sub-1-45,6,149,4.03%,11.34
https://www.correrjuntos.com/carreras/san-silvestre-vallecana,6,137,4.38%,12.53
https://www.correrjuntos.com/blog/chalecos-hidratacion-running,6,136,4.41%,5.57
https://www.correrjuntos.com/planes/maraton-sub-3-30,6,86,6.98%,11.49
https://www.correrjuntos.com/blog/grupos-correr-sevilla,6,59,10.17%,8.76
https://www.correrjuntos.com/carreras/gran-trail-penarroya,6,20,30%,3.45
https://www.correrjuntos.com/blog/en/best-hydration-drinks-running,5,9767,0.05%,7.71
https://www.correrjuntos.com/blog/en/best-apps-running-groups,5,2897,0.17%,7.26
https://www.correrjuntos.com/blog/en/garmin-forerunner-55-review,5,1658,0.3%,17.79
https://www.correrjuntos.com/blog/en/shokz-openrun-pro-2-review,5,1645,0.3%,6.66
https://www.correrjuntos.com/blog/en/best-running-routes-madrid,5,1177,0.42%,10.44
https://www.correrjuntos.com/blog/entrenamiento-por-zonas-running,5,918,0.54%,10.74
https://www.correrjuntos.com/blog/mejores-zapatillas-running-baratas,5,593,0.84%,7.5
https://www.correrjuntos.com/blog/plan-entrenamiento-media-maraton.html,5,425,1.18%,10.75
https://www.correrjuntos.com/events/barcelona,5,421,1.19%,28.61
https://www.correrjuntos.com/blog/plan-maraton-sub-3-30,5,370,1.35%,11.49
https://www.correrjuntos.com/blog/hierro-para-corredores,5,200,2.5%,8.53
https://www.correrjuntos.com/blog/san-silvestre-vallecana-guia,5,179,2.79%,7.98
https://www.correrjuntos.com/blog/equipamiento/las-10-mejores-gafas-deportivas-para-correr-en-2026,5,164,3.05%,6.55
https://www.correrjuntos.com/planes/5k-sub-25,5,150,3.33%,11.38
https://www.correrjuntos.com/cities/madrid.html,5,145,3.45%,34.01
https://www.correrjuntos.com/blog/calendario-carreras-populares-2026,5,144,3.47%,7.9
https://www.correrjuntos.com/blog/grupos-running-malaga,5,124,4.03%,8.19
https://www.correrjuntos.com/cities/paris,5,109,4.59%,8.38
https://www.correrjuntos.com/places/parc-de-la-ciutadella,5,83,6.02%,5.47
https://www.correrjuntos.com/cities/cadiz,5,77,6.49%,9.06
https://www.correrjuntos.com/blog/zapatillas-running-pisada-neutra,4,1152,0.35%,8.63
https://www.correrjuntos.com/blog/en/barcelona-marathon-guide,4,1056,0.38%,13.45
https://www.correrjuntos.com/blog/desayunos-antes-de-correr,4,607,0.66%,9.91
https://www.correrjuntos.com/blog/mejores-auriculares-baratos-running,4,586,0.68%,7.12
https://www.correrjuntos.com/blog/potencia-en-running,4,376,1.06%,7.88
https://www.correrjuntos.com/blog/correr-y-gimnasio-mismo-dia,4,351,1.14%,9.08
https://www.correrjuntos.com/blog/nutricion-trail-running,4,345,1.16%,10.85
https://www.correrjuntos.com/blog/hyrox-principiantes-guia,4,341,1.17%,10.12
https://www.correrjuntos.com/carreras/carrera-mujer-madrid,4,290,1.38%,10.86
https://www.correrjuntos.com/places/madrid-rio,4,261,1.53%,11.54
https://www.correrjuntos.com/blog/de-cero-a-5k,4,223,1.79%,5.61
https://www.correrjuntos.com/blog/ejercicios-fuerza-piernas-corredores,4,214,1.87%,10.2
https://www.correrjuntos.com/blog/plan-running-perder-peso,4,195,2.05%,12.64
https://www.correrjuntos.com/blog/mejores-rutas-correr-sevilla.html,4,170,2.35%,6.69
https://www.correrjuntos.com/places/parque-juan-carlos,4,160,2.5%,8.18
https://www.correrjuntos.com/blog/ultra-trail-principiantes,4,139,2.88%,11.94
https://www.correrjuntos.com/blog/recetas-runners-rapidas,4,119,3.36%,6.98
https://www.correrjuntos.com/blog/strava-vs-garmin-connect,4,109,3.67%,5.9
https://www.correrjuntos.com/blog/en/running-groups-malaga,4,54,7.41%,6.87
https://www.correrjuntos.com/carreras/carrera-libertad-madrid,4,39,10.26%,23.08
https://www.correrjuntos.com/cities/las-palmas.html,4,24,16.67%,8.83
https://www.correrjuntos.com/blog/en/running-belts,3,1648,0.18%,9.14
https://www.correrjuntos.com/blog/mejores-apps-running,3,1353,0.22%,10.47
https://www.correrjuntos.com/blog/en/running-hydration-vests,3,1157,0.26%,11.72
https://www.correrjuntos.com/blog/en/valencia-marathon-guide,3,940,0.32%,9.23
https://www.correrjuntos.com/blog/en/asics-novablast-5-review,3,930,0.32%,7.3
https://www.correrjuntos.com/blog/en/foam-rollers-runners,3,683,0.44%,7.8
https://www.correrjuntos.com/blog/en/smartwatch-vs-gps-watch-running,3,675,0.44%,8.62
https://www.correrjuntos.com/blog/cafeina-running-rendimiento,3,464,0.65%,9.24
https://www.correrjuntos.com/blog/entrenamiento-trail-running-plan,3,386,0.78%,15.6
https://www.correrjuntos.com/blog/garmin-forerunner-55-review,3,322,0.93%,8.04
https://www.correrjuntos.com/equipamiento/geles-energeticos-running,3,315,0.95%,25.96
https://www.correrjuntos.com/blog/mejores-omega-3-runners,3,313,0.96%,7.14
https://www.correrjuntos.com/blog/zapatillas-running-media-maraton,3,304,0.99%,21.35
https://www.correrjuntos.com/blog/plan-entrenamiento-10k,3,266,1.13%,17.12
https://www.correrjuntos.com/blog/mejores-rutas-correr-valencia,3,183,1.64%,9.97
https://www.correrjuntos.com/blog/auriculares-running-natacion.html,3,169,1.78%,7.66
https://www.correrjuntos.com/races/zegama-aizkorri,3,144,2.08%,19.06
https://www.correrjuntos.com/blog/plan-entrenamiento-10k.html,3,138,2.17%,6.47
https://www.correrjuntos.com/carreras/15k-nocturna-valencia,3,129,2.33%,25.16
https://www.correrjuntos.com/places/hyde-park,3,109,2.75%,12.54
https://www.correrjuntos.com/blog/alimentos-sin-gluten-para-corredores,3,95,3.16%,6.89
https://www.correrjuntos.com/cities/santiago.html,3,89,3.37%,13.03
https://www.correrjuntos.com/blog/ejercicios-gimnasio-para-running,3,87,3.45%,18.1
https://www.correrjuntos.com/blog/mejores-calleras-crossfit,3,81,3.7%,9.95
https://www.correrjuntos.com/planes/maraton-sub-3,3,75,4%,24.64
https://www.correrjuntos.com/places/parque-del-este,3,70,4.29%,5.64
https://www.correrjuntos.com/carreras/trail-terres-ebre,3,66,4.55%,8.27
https://www.correrjuntos.com/cities/bilbao.html,3,62,4.84%,7.15
https://www.correrjuntos.com/events/lisbon,3,60,5%,17.82
https://www.correrjuntos.com/planes/10k,3,57,5.26%,15.23
https://www.correrjuntos.com/places/parque-de-maria-luisa,3,54,5.56%,7.26
https://www.correrjuntos.com/cities/palma.html,3,54,5.56%,14.09
https://www.correrjuntos.com/cities/tenerife,3,53,5.66%,9.13
https://www.correrjuntos.com/places/villa-borghese,3,49,6.12%,3.51
https://www.correrjuntos.com/blog/correr-durante-menopausia,3,49,6.12%,10.45
https://www.correrjuntos.com/cities/bogota,3,45,6.67%,9.11
https://www.correrjuntos.com/blog/nike-pegasus-41-vs-brooks-ghost-16,3,42,7.14%,7.21
https://www.correrjuntos.com/carreras/carrera-san-anton-madrid,3,18,16.67%,5.67
https://www.correrjuntos.com/blog/en/what-energy-gel-marathon,2,1445,0.14%,14.38
https://www.correrjuntos.com/blog/mejores-bebidas-hidratacion-running,2,1325,0.15%,4.92
https://www.correrjuntos.com/blog/en/best-creatine-running,2,834,0.24%,9
https://www.correrjuntos.com/blog/en/nike-pegasus-41-vs-brooks-ghost-16,2,758,0.26%,8.22
https://www.correrjuntos.com/blog/en/best-protein-running,2,720,0.28%,12.95
https://www.correrjuntos.com/blog/en/running-rain-jackets,2,698,0.29%,7.51
https://www.correrjuntos.com/blog/deka-fit-vs-deka-strong,2,669,0.3%,8.71
https://www.correrjuntos.com/blog/en/waterproof-headphones-running-swimming,2,657,0.3%,9.73
https://www.correrjuntos.com/blog/en/best-breakfasts-before-running,2,642,0.31%,10
https://www.correrjuntos.com/blog/zapatillas-running-pronadores,2,573,0.35%,10.18
https://www.correrjuntos.com/blog/en/hoka-clifton-9-vs-bondi-8,2,571,0.35%,12.74
https://www.correrjuntos.com/blog/en/best-running-shoes-supinators,2,530,0.38%,14.62
https://www.correrjuntos.com/blog/mejores-zapatillas-running-mujer,2,509,0.39%,10.25
https://www.correrjuntos.com/blog/en/leg-strength-exercises-runners,2,507,0.39%,15.9
https://www.correrjuntos.com/blog/hidratacion-running-guia-completa.html,2,501,0.4%,5.65
https://www.correrjuntos.com/blog/cuantas-veces-semana-correr,2,431,0.46%,9.5
https://www.correrjuntos.com/carreras/volta-a-peu-valencia,2,427,0.47%,9.44
https://www.correrjuntos.com/blog/cuanto-duran-zapatillas-running,2,410,0.49%,13.4
https://www.correrjuntos.com/blog/mejor-reloj-gps-running-calidad-precio,2,396,0.51%,8.89
https://www.correrjuntos.com/cities/berlin,2,383,0.52%,16.26
https://www.correrjuntos.com/blog/en/best-collagen-for-runners,2,328,0.61%,23.05
https://www.correrjuntos.com/blog/nike-vomero-18-review,2,304,0.66%,9
https://www.correrjuntos.com/equipamiento/accesorios-running.html,2,304,0.66%,21.53
https://www.correrjuntos.com/blog/en/trail-running-backpacks,2,289,0.69%,21.02
https://www.correrjuntos.com/blog/entrenamiento-series-fartlek,2,274,0.73%,9.26
https://www.correrjuntos.com/places/parque-carolina,2,269,0.74%,8.95
https://www.correrjuntos.com/blog/mejores-magnesios-runners,2,266,0.75%,7.56
https://www.correrjuntos.com/carreras/behobia-san-sebastian,2,255,0.78%,13.55
https://www.correrjuntos.com/blog/mejor-hora-para-correr,2,248,0.81%,10.08
https://www.correrjuntos.com/blog/entrenar-skierg-row-hyrox,2,234,0.85%,8.74
https://www.correrjuntos.com/blog/auriculares-conduccion-osea-vs-in-ear-running,2,223,0.9%,7.52
https://www.correrjuntos.com/blog/en/trail-races-beginners,2,213,0.94%,11.31
https://www.correrjuntos.com/blog/grupos-de-running-guia-completa,2,180,1.11%,8.98
https://www.correrjuntos.com/events/malaga,2,156,1.28%,21.96
https://www.correrjuntos.com/blog/empezar-a-correr-con-verguenza,2,155,1.29%,7.89
https://www.correrjuntos.com/blog/mejores-rutas-correr-madrid.html,2,129,1.55%,7.86
https://www.correrjuntos.com/blog/entrenamiento-fuerza-corredores,2,128,1.56%,14.27
https://www.correrjuntos.com/blog/foam-rollers-runners,2,123,1.63%,5.1
https://www.correrjuntos.com/blog/mallas-running,2,121,1.65%,6.5
https://www.correrjuntos.com/blog/calentamiento-media-maraton,2,118,1.69%,8.56
https://www.correrjuntos.com/blog/encontrar-companeros-running-cerca,2,115,1.74%,16.69
https://www.correrjuntos.com/blog/correr-solo-vs-acompanado,2,114,1.75%,7.54
https://www.correrjuntos.com/cities/buenos-aires,2,101,1.98%,11.36
https://www.correrjuntos.com/blog/mejores-zapatillas-running-asfalto.html,2,93,2.15%,8.84
https://www.correrjuntos.com/sobre-nosotros,2,92,2.17%,5.16
https://www.correrjuntos.com/blog/salomon-speedcross-6-vs-hoka-speedgoat-6,2,78,2.56%,9.05
https://www.correrjuntos.com/planes/5k,2,76,2.63%,28.49
https://www.correrjuntos.com/blog/encontrar-gente-para-correr,2,75,2.67%,12.09
https://www.correrjuntos.com/places/montjuic,2,75,2.67%,15.83
https://www.correrjuntos.com/blog/rodillo-vs-pistola-masaje-recuperacion,2,69,2.9%,7.23
https://www.correrjuntos.com/cities/valencia,2,68,2.94%,17.09
https://www.correrjuntos.com/blog/en/loneliness-of-running,2,63,3.17%,7
https://www.correrjuntos.com/places/casa-de-campo,2,61,3.28%,9.85
https://www.correrjuntos.com/carreras/trail-sierra-guadarrama,2,59,3.39%,6.97
https://www.correrjuntos.com/events/rome,2,58,3.45%,11.76
https://www.correrjuntos.com/cities/vigo.html,2,55,3.64%,10.02
https://www.correrjuntos.com/carreras/ultra-trail-costa-brava,2,49,4.08%,9.9
https://www.correrjuntos.com/blog/en/running-with-others-cadiz,2,48,4.17%,6.27
https://www.correrjuntos.com/blog/lamparas-frontales-running,2,48,4.17%,7.04
https://www.correrjuntos.com/cities/cordoba.html,2,47,4.26%,8.23
https://www.correrjuntos.com/blog/mejores-rutas-correr-sevilla,2,46,4.35%,8.91
https://www.correrjuntos.com/blog/psicologia-del-corredor,2,45,4.44%,8.18
https://www.correrjuntos.com/blog/como-organizar-quedadas-running,2,44,4.55%,8.14
https://www.correrjuntos.com/carreras/10k-divina-pastora-valencia,2,40,5%,14.07
https://www.correrjuntos.com/blog/como-preparar-primera-carrera-5k,2,37,5.41%,18.57
https://www.correrjuntos.com/planes/0-5k,2,31,6.45%,11.71
https://www.correrjuntos.com/blog/atletas-hibridos/mejores-mochilas-crossfit-2026/,2,24,8.33%,7.46
https://www.correrjuntos.com/blog/,2,23,8.7%,12.65
https://www.correrjuntos.com/carreras/10k-salida-del-sol-malaga,2,22,9.09%,9.77
https://www.correrjuntos.com/cities/alicante.html,2,21,9.52%,8.62
https://www.correrjuntos.com/blog/correr-acompanado-cadiz,2,17,11.76%,9.59
https://www.correrjuntos.com/blog/en/best-running-apps,1,6237,0.02%,8.59
https://www.correrjuntos.com/blog/en/average-5k-time-by-age,1,2997,0.03%,10.26
https://www.correrjuntos.com/blog/en/best-running-shoes,1,2219,0.05%,8.67
https://www.correrjuntos.com/blog/en/best-omega-3-running,1,2003,0.05%,8.71
https://www.correrjuntos.com/blog/en/zone-training-running,1,1979,0.05%,7.4
https://www.correrjuntos.com/blog/en/marathon-carb-loading,1,1818,0.06%,6.65
https://www.correrjuntos.com/blog/en/running-technical-clothing,1,1803,0.06%,8.2
https://www.correrjuntos.com/blog/en/best-energy-gels-running,1,1750,0.06%,9.41
https://www.correrjuntos.com/blog/en/garmin-venu-3-review,1,1526,0.07%,14.68
https://www.correrjuntos.com/blog/en/running-power,1,1438,0.07%,9.3
https://www.correrjuntos.com/blog/en/running-pace-for-beginners,1,1388,0.07%,11.06
https://www.correrjuntos.com/blog/en/running-before-or-after-eating,1,1169,0.09%,15.32
https://www.correrjuntos.com/blog/en/best-running-shoes-neutral-gait,1,956,0.1%,27.33
https://www.correrjuntos.com/blog/wall-ball-hyrox-comprar,1,886,0.11%,9.07
https://www.correrjuntos.com/blog/en/best-road-running-shoes,1,860,0.12%,8.86
https://www.correrjuntos.com/blog/en/jbl-reflect-flow-pro-review,1,714,0.14%,11.06
https://www.correrjuntos.com/blog/en/running-is-social-fitness-trend,1,597,0.17%,4.21
https://www.correrjuntos.com/blog/mejores-zapatillas-running-principiantes.html,1,555,0.18%,14.41
https://www.correrjuntos.com/blog/flato-dolor-costado-al-correr,1,544,0.18%,10.72
https://www.correrjuntos.com/blog/en/correrjuntos-vs-strava-groups,1,535,0.19%,5.92
https://www.correrjuntos.com/blog/en/running-plan-lose-weight,1,439,0.23%,8.95
https://www.correrjuntos.com/blog/en/running-socks,1,434,0.23%,7.74
https://www.correrjuntos.com/blog/en/running-sunglasses,1,430,0.23%,8.18
https://www.correrjuntos.com/equipamiento/zapatillas-trail-running.html,1,395,0.25%,8.42
https://www.correrjuntos.com/blog/en/running-shoes-overpronators,1,382,0.26%,8.81
https://www.correrjuntos.com/blog/zona-2-running-quemar-grasa,1,371,0.27%,10
https://www.correrjuntos.com/blog/en/running-shoes-vs-regular-shoes,1,371,0.27%,13.46
https://www.correrjuntos.com/blog/en/half-marathon-training-plan,1,360,0.28%,52.31
https://www.correrjuntos.com/blog/en/best-multivitamins-for-runners,1,349,0.29%,38.94
https://www.correrjuntos.com/blog/en/how-to-start-running-beginners-guide,1,345,0.29%,35.89
https://www.correrjuntos.com/blog/mejores-suplementos-runners.html,1,333,0.3%,7.56
https://www.correrjuntos.com/blog/en/social-running-revolution-2026,1,320,0.31%,5.3
https://www.correrjuntos.com/blog/vo2-max-running-como-mejorar,1,318,0.31%,10.76
https://www.correrjuntos.com/blog/en/interval-fartlek-training,1,317,0.32%,14.55
https://www.correrjuntos.com/blog/pack-basico-running-principiantes,1,281,0.36%,4.82
https://www.correrjuntos.com/blog/en/running-meetups-barcelona,1,272,0.37%,6.71
https://www.correrjuntos.com/blog/en/equipment/best-heart-rate-chest-straps-armbands-running,1,271,0.37%,10.86
https://www.correrjuntos.com/blog/en/why-people-quit-running-3-months,1,235,0.43%,5.94
https://www.correrjuntos.com/blog/en/best-trail-running-poles,1,228,0.44%,29.01
https://www.correrjuntos.com/blog/en/training/16-week-marathon-plan-sub4h,1,221,0.45%,8.7
https://www.correrjuntos.com/blog/agujetas-despues-de-correr,1,219,0.46%,10.05
https://www.correrjuntos.com/blog/en/best-bcaas-for-runners,1,215,0.47%,27.47
https://www.correrjuntos.com/blog/mejores-colagenos-runners,1,211,0.47%,6.7
https://www.correrjuntos.com/blog/en/10k-training-plan,1,202,0.5%,13
https://www.correrjuntos.com/blog/en/how-to-choose-gps-running-watch,1,179,0.56%,10.46
https://www.correrjuntos.com/blog/correr-con-sobrepeso,1,174,0.57%,8.4
https://www.correrjuntos.com/carreras/cursa-corte-ingles-barcelona,1,173,0.58%,9.99
https://www.correrjuntos.com/blog/en/best-magnesium-for-runners,1,168,0.6%,24.33
https://www.correrjuntos.com/carreras/carrera-ponle-freno,1,166,0.6%,20.03
https://www.correrjuntos.com/blog/volver-a-correr-despues-de-lesion,1,161,0.62%,7.68
https://www.correrjuntos.com/cities/copenhagen,1,156,0.64%,16.49
https://www.correrjuntos.com/carreras/transvulcania,1,154,0.65%,14.92
https://www.correrjuntos.com/blog/smartwatch-vs-reloj-gps-running,1,152,0.66%,6.35
https://www.correrjuntos.com/blog/proteinas-para-runners,1,145,0.69%,7.64
https://www.correrjuntos.com/blog/variabilidad-cardiaca-running,1,142,0.7%,7.44
https://www.correrjuntos.com/blog/entrenamiento-cruzado-running,1,136,0.74%,8.32
https://www.correrjuntos.com/blog/maraton-barcelona-guia,1,126,0.79%,8.5
https://www.correrjuntos.com/blog/en/running-groups-complete-guide,1,122,0.82%,7.39
https://www.correrjuntos.com/equipamiento/ropa-running,1,119,0.84%,22.11
https://www.correrjuntos.com/carreras/media-maraton-madrid,1,119,0.84%,33.34
https://www.correrjuntos.com/blog/tendinitis-aquiles-running,1,118,0.85%,10.24
https://www.correrjuntos.com/blog/coros-pace-3-review,1,116,0.86%,8
https://www.correrjuntos.com/blog/core-para-runners,1,116,0.86%,9.09
https://www.correrjuntos.com/blog/new-balance-1080-vs-hoka-clifton,1,114,0.88%,6.34
https://www.correrjuntos.com/planes/10k-principiantes,1,111,0.9%,54.85
https://www.correrjuntos.com/blog/errores-comunes-corredores,1,109,0.92%,8.5
https://www.correrjuntos.com/equipamiento/recuperadores-running,1,107,0.93%,10.06
https://www.correrjuntos.com/places/parque-del-turia,1,106,0.94%,8.9
https://www.correrjuntos.com/blog/mejores-rutas-correr-barcelona,1,101,0.99%,11.24
https://www.correrjuntos.com/carreras/maraton-valencia,1,100,1%,20.43
https://www.correrjuntos.com/blog/en/no-one-to-run-with,1,97,1.03%,7.61
https://www.correrjuntos.com/blog/empezar-trail-running,1,95,1.05%,8
https://www.correrjuntos.com/races/seville-marathon,1,95,1.05%,22
https://www.correrjuntos.com/blog/nutricion-dia-de-carrera.html,1,95,1.05%,32.43
https://www.correrjuntos.com/blog/mejores-rutas-correr-malaga,1,93,1.08%,8
https://www.correrjuntos.com/blog/hidratacion-running-guia-completa,1,91,1.1%,9.42
https://www.correrjuntos.com/places/chapultepec,1,91,1.1%,10.36
https://www.correrjuntos.com/blog/sobreentrenamiento-running-sintomas,1,88,1.14%,6.97
https://www.correrjuntos.com/races/san-silvestre-vallecana,1,88,1.14%,12.48
https://www.correrjuntos.com/carreras/10k-bilbao,1,87,1.15%,16.67
https://www.correrjuntos.com/blog/hoka-clifton-9-vs-bondi-8.html,1,81,1.23%,8.47
https://www.correrjuntos.com/blog/garmin-forerunner-265-vs-coros-pace-3.html,1,78,1.28%,6.38
https://www.correrjuntos.com/blog/auriculares-running-natacion,1,78,1.28%,7.27
https://www.correrjuntos.com/cities/,1,77,1.3%,5.51
https://www.correrjuntos.com/app/,1,75,1.33%,3.11
https://www.correrjuntos.com/cities/medellin,1,73,1.37%,12.08
https://www.correrjuntos.com/cities/lisbon.html,1,73,1.37%,24.67
https://www.correrjuntos.com/cities/rome,1,72,1.39%,16.14
https://www.correrjuntos.com/blog/encontrar-runners-malaga,1,71,1.41%,9
https://www.correrjuntos.com/blog/equipamiento/mejores-bandas-frecuencia-cardiaca-running/,1,71,1.41%,15.94
https://www.correrjuntos.com/events/buenos-aires,1,70,1.43%,20.37
https://www.correrjuntos.com/blog/volver-a-correr-tras-pausa-larga,1,69,1.45%,5.17
https://www.correrjuntos.com/blog/empezar-a-correr-guia-principiantes.html,1,67,1.49%,22.82
https://www.correrjuntos.com/carreras/carrera-ibercaja-zaragoza,1,65,1.54%,13
https://www.correrjuntos.com/carreras/cursa-nassos-barcelona,1,60,1.67%,7.42
https://www.correrjuntos.com/events/sevilla,1,60,1.67%,39.32
https://www.correrjuntos.com/cities/zaragoza.html,1,59,1.69%,18.69
https://www.correrjuntos.com/blog/en/best-running-routes-sevilla,1,58,1.72%,7.57
https://www.correrjuntos.com/blog/unirse-grupo-running,1,57,1.75%,8.72
https://www.correrjuntos.com/blog/mejores-bandas-elasticas-running,1,57,1.75%,9.39
https://www.correrjuntos.com/planes/,1,53,1.89%,18.47
https://www.correrjuntos.com/blog/dieta-vegetariana-runner,1,51,1.96%,10.04
https://www.correrjuntos.com/carreras/maraton-alpino-madrileno,1,51,1.96%,13.78
https://www.correrjuntos.com/blog/mochilas-trail-running,1,49,2.04%,11.88
https://www.correrjuntos.com/planes/media-maraton-sub-1-30,1,49,2.04%,12.1
https://www.correrjuntos.com/matching/,1,48,2.08%,3.88
https://www.correrjuntos.com/blog/quedadas-running-como-organizar,1,40,2.5%,5.58
https://www.correrjuntos.com/blog/en/find-running-partners-near-you,1,39,2.56%,9.67
https://www.correrjuntos.com/blog/snacks-energeticos-running,1,37,2.7%,13.97
https://www.correrjuntos.com/cities/medellin.html,1,35,2.86%,8.43
https://www.correrjuntos.com/blog/no-tengo-con-quien-correr,1,32,3.12%,25.97
https://www.correrjuntos.com/blog/soft-flasks-running,1,30,3.33%,6.23
https://www.correrjuntos.com/carreras/travesera-picos-europa,1,30,3.33%,19.43
https://www.correrjuntos.com/blog/correrjuntos-vs-meetup-running,1,29,3.45%,9.24
https://www.correrjuntos.com/places/phoenix-park,1,27,3.7%,13.15
https://www.correrjuntos.com/blog/en/gym-exercises-for-runners,1,27,3.7%,22.04
https://www.correrjuntos.com/blog/primera-quedada-running,1,25,4%,8.72
https://www.correrjuntos.com/blog/kettlebells-farmer-carry-hyrox,1,24,4.17%,7.67
https://www.correrjuntos.com/blog/que-zapatillas-running-comprar-segun-nivel,1,23,4.35%,9.57
https://www.correrjuntos.com/blog/triatlon-para-runners-principiantes,1,23,4.35%,13.7
https://www.correrjuntos.com/app/en,1,22,4.55%,13.18
https://www.correrjuntos.com/places/parque-del-alamillo,1,21,4.76%,7.48
https://www.correrjuntos.com/cities/singapore.html,1,20,5%,37.2
https://www.correrjuntos.com/inversores,1,19,5.26%,4.74
https://www.correrjuntos.com/carreras/carrera-parques-madrid,1,19,5.26%,6.05
https://www.correrjuntos.com/events/berlin,1,19,5.26%,34.21
https://www.correrjuntos.com/cities/amsterdam,1,18,5.56%,14.67
https://www.correrjuntos.com/planes/perder-peso,1,18,5.56%,35.11
https://www.correrjuntos.com/blog/asics-gel-nimbus-26-vs-nike-pegasus-41,1,16,6.25%,4.5
https://www.correrjuntos.com/blog/mejores-bcaas-runners,1,16,6.25%,6.44
https://www.correrjuntos.com/blog/atletas-hibridos/mejores-mochilas-crossfit-2026,1,15,6.67%,8.07
https://www.correrjuntos.com/cities/sevilla.html,1,14,7.14%,5.57
https://www.correrjuntos.com/blog/errores-principiante-running,1,12,8.33%,8.58
https://www.correrjuntos.com/blog/asics-gel-nimbus-26-vs-nike-pegasus-41.html,1,12,8.33%,9.58
https://www.correrjuntos.com/blog/nike-pegasus-41-vs-brooks-ghost-16.html,1,9,11.11%,3.11
https://www.correrjuntos.com/places/bois-de-boulogne,1,9,11.11%,23.89
https://www.correrjuntos.com/places/botanisk-have,1,7,14.29%,7
https://www.correrjuntos.com/privacy,1,4,25%,19.5
https://www.correrjuntos.com/places/griffith-park,1,1,100%,10
https://www.correrjuntos.com/blog/en/tapering-race-week-guide,0,3238,0%,7.34
https://www.correrjuntos.com/blog/en/coros-pace-3-review,0,2423,0%,11.57
https://www.correrjuntos.com/blog/en/how-long-running-shoes-last,0,1896,0%,13.32
https://www.correrjuntos.com/blog/en/best-value-gps-running-watch,0,1676,0%,8.67
https://www.correrjuntos.com/blog/en/best-running-shoes-beginners,0,1658,0%,30.3
https://www.correrjuntos.com/blog/en/couch-to-5k-plan,0,1465,0%,49.42
https://www.correrjuntos.com/blog/en/how-many-calories-burned-running,0,1453,0%,16.02
https://www.correrjuntos.com/blog/en/apple-watch-running-review,0,1414,0%,14.04
https://www.correrjuntos.com/blog/en/running-hydration-complete-guide,0,1390,0%,9.27
https://www.correrjuntos.com/equipamiento/bebidas-hidratacion-running.html,0,1299,0%,6.51
https://www.correrjuntos.com/blog/en/how-to-choose-running-shoes,0,1189,0%,9.35
https://www.correrjuntos.com/blog/en/running-shoe-drop-explained,0,1038,0%,25.49
https://www.correrjuntos.com/blog/en/running-and-gym-same-day,0,983,0%,8.94
https://www.correrjuntos.com/blog/cuantas-calorias-se-queman-corriendo,0,981,0%,16.75
https://www.correrjuntos.com/blog/en/bone-conduction-vs-in-ear-running,0,962,0%,8.67
https://www.correrjuntos.com/blog/en/running-tights,0,961,0%,8.05
https://www.correrjuntos.com/blog/en/garmin-forerunner-265-vs-coros-pace-3,0,940,0%,8.95
https://www.correrjuntos.com/blog/en/side-stitch-while-running,0,875,0%,38.65
https://www.correrjuntos.com/blog/en/what-to-eat-before-running,0,819,0%,8.54
https://www.correrjuntos.com/blog/en/running-to-lose-weight,0,803,0%,19.3
https://www.correrjuntos.com/blog/en/return-to-running-after-injury,0,772,0%,7.24
https://www.correrjuntos.com/blog/mejores-zapatillas-running-principiantes,0,751,0%,8.86
https://www.correrjuntos.com/blog/en/post-run-recovery-nutrition,0,719,0%,14.66
https://www.correrjuntos.com/blog/en/best-womens-running-shoes,0,685,0%,7.61
https://www.correrjuntos.com/blog/en/walking-vs-running,0,649,0%,35.71
https://www.correrjuntos.com/blog/en/running-overweight-guide,0,641,0%,7.95
https://www.correrjuntos.com/blog/en/what-to-wear-running-by-temperature,0,601,0%,9.69
https://www.correrjuntos.com/blog/en/trail-running-nutrition,0,571,0%,7.44
https://www.correrjuntos.com/blog/en/quick-recipes-for-runners,0,570,0%,6.54
https://www.correrjuntos.com/blog/en/best-energy-snacks-for-runners,0,533,0%,39.66
https://www.correrjuntos.com/blog/en/best-garmin-running-watches,0,527,0%,9.42
https://www.correrjuntos.com/blog/en/which-running-shoes-by-level,0,519,0%,8.68
https://www.correrjuntos.com/blog/en/best-running-headphones,0,508,0%,14.03
https://www.correrjuntos.com/races/valencia-marathon,0,485,0%,32.14
https://www.correrjuntos.com/blog/en/running-headlamps,0,477,0%,10.46
https://www.correrjuntos.com/blog/en/comeback-running-after-long-break,0,435,0%,8.1
https://www.correrjuntos.com/blog/en/heart-rate-variability-running,0,420,0%,7.19
https://www.correrjuntos.com/blog/en/cross-training-for-runners,0,417,0%,10.23
https://www.correrjuntos.com/blog/en/shin-splints-running,0,402,0%,28.54
https://www.correrjuntos.com/blog/en/treadmill-vs-outdoor-running,0,398,0%,12.77
https://www.correrjuntos.com/blog/correr-antes-o-despues-de-comer,0,392,0%,10.38
https://www.correrjuntos.com/blog/plan-entrenamiento-media-maraton,0,376,0%,36.76
https://www.correrjuntos.com/blog/en/strength-training-for-runners,0,341,0%,48.74
https://www.correrjuntos.com/blog/diferencias-trail-vs-asfalto.html,0,321,0%,7.1
https://www.correrjuntos.com/blog/en/best-supplements-runners,0,294,0%,17.61
https://www.correrjuntos.com/blog/en/trail-running-gear,0,286,0%,12.72
https://www.correrjuntos.com/blog/en/best-time-to-run,0,280,0%,7.88
https://www.correrjuntos.com/blog/ritmo-10k-calculadora,0,278,0%,13.06
https://www.correrjuntos.com/blog/en/running-shoes/best-running-shoes-to-start-running-2026,0,265,0%,9.11
https://www.correrjuntos.com/blog/en/running-water-bottles,0,254,0%,15.43
https://www.correrjuntos.com/races/ccc-ultra-trail-mont-blanc,0,253,0%,17.73
https://www.correrjuntos.com/blog/en/sore-muscles-after-running,0,250,0%,14.46
https://www.correrjuntos.com/blog/en/is-it-ok-to-run-every-day,0,250,0%,29.84
https://www.correrjuntos.com/blog/en/intermittent-fasting-running,0,249,0%,12.41
https://www.correrjuntos.com/races/behobia-san-sebastian,0,247,0%,9.68
https://www.correrjuntos.com/carreras/maraton-madrid,0,247,0%,34.95
https://www.correrjuntos.com/blog/en/caffeine-running-performance,0,244,0%,13.59
https://www.correrjuntos.com/equipamiento/zapatillas-running.html,0,242,0%,10.69
https://www.correrjuntos.com/blog/en/foam-roller-vs-massage-gun,0,242,0%,15.52
https://www.correrjuntos.com/calculadora/,0,241,0%,68.62
https://www.correrjuntos.com/blog/en/salomon-speedcross-6-vs-hoka-speedgoat-6#hoka-speedgoat-6-in-detail,0,239,0%,4.66
https://www.correrjuntos.com/blog/en/running-while-pregnant-guide,0,238,0%,45.2
https://www.correrjuntos.com/blog/en/salomon-speedcross-6-vs-hoka-speedgoat-6#salomon-speedcross-6-in-detail,0,236,0%,4.66
https://www.correrjuntos.com/blog/ropa-tecnica-running.html,0,229,0%,6.16
https://www.correrjuntos.com/blog/zapatillas/mejores-zapatillas-empezar-correr-2026,0,228,0%,10.16
https://www.correrjuntos.com/blog/en/running-with-music-benefits,0,227,0%,9.54
https://www.correrjuntos.com/blog/en/creatine-for-runners,0,223,0%,15.39
https://www.correrjuntos.com/blog/mejores-zapatillas-trail-running,0,218,0%,9.67
https://www.correrjuntos.com/blog/correr-para-adelgazar,0,217,0%,22.27
https://www.correrjuntos.com/blog/en/salomon-speedcross-6-vs-hoka-speedgoat-6#which-one-is-for-you,0,210,0%,4.8
https://www.correrjuntos.com/blog/en/best-foods-for-runners,0,209,0%,61.82
https://www.correrjuntos.com/blog/en/knee-pain-while-running,0,208,0%,11.66
https://www.correrjuntos.com/blog/mejores-multivitaminicos-runners,0,206,0%,9.47
https://www.correrjuntos.com/blog/en/correrjuntos-vs-meetup-groups,0,205,0%,6.33
https://www.correrjuntos.com/blog/en/running-with-your-dog-canicross,0,199,0%,7.59
https://www.correrjuntos.com/blog/mejores-zapatillas-placa-carbono,0,198,0%,10.69
https://www.correrjuntos.com/blog/en/best-surfaces-for-running,0,196,0%,7.4
https://www.correrjuntos.com/blog/como-elegir-zapatillas-running,0,195,0%,30.29
https://www.correrjuntos.com/equipamiento/auriculares-running.html,0,187,0%,9.15
https://www.correrjuntos.com/blog/en/running-training-periodization,0,185,0%,7.64
https://www.correrjuntos.com/blog/nutricion-para-runners,0,185,0%,48.03
https://www.correrjuntos.com/blog/en/prevent-running-injuries,0,184,0%,10.02
https://www.correrjuntos.com/blog/mejores-zapatillas-running-asfalto#las-10-mejores,0,183,0%,9.2
https://www.correrjuntos.com/blog/mejores-zapatillas-running-asfalto#resumen-r%C3%A1pido,0,183,0%,9.2
https://www.correrjuntos.com/blog/que-comer-antes-de-correr,0,180,0%,18.73
https://www.correrjuntos.com/blog/en/trail-running-training-plan,0,177,0%,17.1
https://www.correrjuntos.com/cities/new-york,0,176,0%,25.91
https://www.correrjuntos.com/blog/en/running-on-empty-stomach,0,171,0%,24.02
https://www.correrjuntos.com/blog/en/muscle-cramps-while-running,0,165,0%,69.67
https://www.correrjuntos.com/blog/drop-zapatillas-running,0,160,0%,31.59
https://www.correrjuntos.com/events/valencia,0,153,0%,36.69
https://www.correrjuntos.com/blog/en/runner-diet-what-to-eat,0,151,0%,30.34
https://www.correrjuntos.com/blog/correr-en-cinta-vs-calle,0,149,0%,9.12
https://www.correrjuntos.com/blog/mejores-alimentos-para-runners,0,149,0%,25.2
https://www.correrjuntos.com/races/valencia-half-marathon,0,148,0%,28.39
https://www.correrjuntos.com/blog/en/salomon-speedcross-6-vs-hoka-speedgoat-6#quick-comparison,0,145,0%,4.08
https://www.correrjuntos.com/blog/shokz-openrun-pro-2-review,0,145,0%,6.64
https://www.correrjuntos.com/blog/en/how-to-build-running-endurance,0,143,0%,50.35
https://www.correrjuntos.com/blog/empezar-a-correr-guia-principiantes,0,142,0%,10.98
https://www.correrjuntos.com/blog/como-elegir-reloj-gps-running.html,0,142,0%,13.06
https://www.correrjuntos.com/equipamiento/relojes-gps-running.html,0,141,0%,8.24
https://www.correrjuntos.com/blog/periostitis-tibial-running,0,136,0%,13.57
https://www.correrjuntos.com/places/central-park,0,134,0%,9.99
https://www.correrjuntos.com/blog/en/equipment/best-heart-rate-chest-straps-armbands-running/,0,131,0%,7.91
https://www.correrjuntos.com/blog/conocer-gente-haciendo-deporte,0,129,0%,8.27
https://www.correrjuntos.com/events/mexico-city,0,128,0%,39.58
https://www.correrjuntos.com/blog/puedo-correr-todos-los-dias,0,126,0%,18.94
https://www.correrjuntos.com/blog/en/safety-running-with-strangers,0,125,0%,5.24
https://www.correrjuntos.com/blog/en/vegetarian-diet-for-runners,0,125,0%,11.44
https://www.correrjuntos.com/blog/en/plantar-fasciitis-runners,0,124,0%,7.61
https://www.correrjuntos.com/carreras/media-maraton-barcelona,0,123,0%,55.65
https://www.correrjuntos.com/blog/en/runners-knee,0,122,0%,8.4
https://www.correrjuntos.com/blog/en/gps-navigation-trail-running,0,122,0%,10.84
https://www.correrjuntos.com/blog/en/salomon-speedcross-6-vs-hoka-speedgoat-6#head-to-head-comparison,0,120,0%,4.18
https://www.correrjuntos.com/blog/mejores-zapatillas-running-asfalto#como-elegir,0,119,0%,9.7
https://www.correrjuntos.com/blog/mejores-zapatillas-running-asfalto#tabla-comparativa,0,119,0%,9.7
https://www.correrjuntos.com/blog/en/salomon-speedcross-6-vs-hoka-speedgoat-6#alternatives-to-consider,0,117,0%,4.17
https://www.correrjuntos.com/blog/en/running-alone-vs-group,0,117,0%,9.44
https://www.correrjuntos.com/blog/dolor-rodilla-al-correr,0,117,0%,20.32
https://www.correrjuntos.com/blog/ropa-tecnica-running,0,116,0%,9.54
https://www.correrjuntos.com/blog/zapatillas/mejores-zapatillas-empezar-correr-2026/,0,114,0%,15.23
https://www.correrjuntos.com/blog/en/find-running-partners,0,109,0%,7.17
https://www.correrjuntos.com/blog/en/race-day-nutrition,0,108,0%,20.1
https://www.correrjuntos.com/blog/en/how-to-prepare-first-5k-race,0,108,0%,40.12
https://www.correrjuntos.com/plans/5k-beginners,0,108,0%,71.34
https://www.correrjuntos.com/blog/en/how-many-days-week-run,0,107,0%,13.51
https://www.correrjuntos.com/blog/en/anti-inflammatory-foods-runners,0,105,0%,8.77
https://www.correrjuntos.com/blog/en/protein-for-runners,0,105,0%,18.24
https://www.correrjuntos.com/blog/en/how-to-avoid-stomach-issues-running,0,104,0%,8.36
https://www.correrjuntos.com/blog/en/strava-vs-garmin-connect#precio,0,103,0%,7.98
https://www.correrjuntos.com/events/new-york,0,103,0%,23.79
https://www.correrjuntos.com/blog/en/strava-vs-garmin-connect#overview-garmin,0,102,0%,8
https://www.correrjuntos.com/blog/en/strava-vs-garmin-connect#rutas,0,99,0%,8.02
https://www.correrjuntos.com/blog/media-maraton-barcelona-2026,0,98,0%,14.05
https://www.correrjuntos.com/cities/edinburgh,0,95,0%,58.28
https://www.correrjuntos.com/blog/en/best-resistance-bands-for-runners,0,94,0%,9.14
https://www.correrjuntos.com/blog/ansiedad-pre-carrera,0,92,0%,16.5
https://www.correrjuntos.com/blog/en/zone-2-running-burn-fat,0,91,0%,9.01
https://www.correrjuntos.com/blog/en/basic-running-pack-beginners,0,91,0%,9.09
https://www.correrjuntos.com/blog/en/how-to-organize-running-meetups,0,90,0%,6.68
https://www.correrjuntos.com/blog/en/running-at-night-safety-tips,0,88,0%,27.68
https://www.correrjuntos.com/blog/en/running-groups-barcelona#best-groups,0,87,0%,6.91
https://www.correrjuntos.com/blog/diferencias-trail-vs-asfalto,0,87,0%,7.41
https://www.correrjuntos.com/carreras/zegama-aizkorri,0,87,0%,28.41
https://www.correrjuntos.com/blog/estiramientos-antes-despues-correr,0,87,0%,35.99
https://www.correrjuntos.com/blog/en/start-running-after-50,0,85,0%,10.41
https://www.correrjuntos.com/plans/10k-under-50,0,85,0%,15.67
https://www.correrjuntos.com/blog/correr-en-montana-tecnica,0,84,0%,8.9
https://www.correrjuntos.com/cities/dubai,0,84,0%,27
https://www.correrjuntos.com/blog/en/trail-running-safety,0,82,0%,9.46
https://www.correrjuntos.com/events/dublin,0,80,0%,11.69
https://www.correrjuntos.com/blog/en/best-trekking-poles-trail-running,0,79,0%,16.44
https://www.correrjuntos.com/carreras/trail-aneto-posets,0,79,0%,26.18
https://www.correrjuntos.com/races/ultra-pirineu,0,77,0%,9.53
https://www.correrjuntos.com/equipamiento/recuperadores-running.html,0,75,0%,11.69
https://www.correrjuntos.com/blog/grupos-running-valencia,0,75,0%,15.8
https://www.correrjuntos.com/blog/en/achilles-tendinitis-running,0,75,0%,38.92
https://www.correrjuntos.com/carreras/media-maraton-sevilla,0,74,0%,51.14
https://www.correrjuntos.com/blog/en/how-to-join-running-group,0,72,0%,7.03
https://www.correrjuntos.com/blog/mejores-rutas-correr-valencia.html,0,70,0%,7.97
https://www.correrjuntos.com/cities/oslo,0,70,0%,9.69
https://www.correrjuntos.com/carreras/media-maraton-valencia,0,70,0%,33.59
https://www.correrjuntos.com/blog/empezar-a-correr-despues-de-los-60#por-que,0,69,0%,8.17
https://www.correrjuntos.com/blog/como-correr-mas-rapido,0,69,0%,31.94
https://www.correrjuntos.com/blog/como-aumentar-resistencia-corriendo,0,68,0%,14.18
https://www.correrjuntos.com/carreras/maraton-barcelona,0,68,0%,28.41
https://www.correrjuntos.com/planes/5k-principiantes,0,68,0%,40.16
https://www.correrjuntos.com/blog/empezar-a-correr-despues-de-los-60#beneficios,0,67,0%,8.49
https://www.correrjuntos.com/blog/en/core-exercises-runners,0,67,0%,8.57
https://www.correrjuntos.com/blog/bastones-trail-running,0,67,0%,31.79
https://www.correrjuntos.com/blog/en/iron-for-runners,0,67,0%,38.18
https://www.correrjuntos.com/places/serra-de-collserola,0,66,0%,9.58
https://www.correrjuntos.com/blog/en/first-running-meetup,0,64,0%,5.98
https://www.correrjuntos.com/blog/en/running-groups-seville#best-areas,0,64,0%,7.12
https://www.correrjuntos.com/blog/en/running-groups-seville#parkrun,0,64,0%,7.12
https://www.correrjuntos.com/carreras/maraton-sevilla,0,64,0%,30.52
https://www.correrjuntos.com/blog/en/running-groups-seville#clubs,0,63,0%,7.13
https://www.correrjuntos.com/blog/creatina-para-runners,0,63,0%,15.37
https://www.correrjuntos.com/planes/maraton-sub-4,0,63,0%,17.06
https://www.correrjuntos.com/blog/en/running-groups-near-me,0,61,0%,6.69
https://www.correrjuntos.com/blog/ayuno-intermitente-running,0,61,0%,8.84
https://www.correrjuntos.com/blog/en/how-to-warm-up-before-running,0,60,0%,27.82
https://www.correrjuntos.com/events/paris,0,59,0%,11.92
https://www.correrjuntos.com/races/san-sebastian-marathon,0,59,0%,20.29
https://www.correrjuntos.com/blog/mejores-superficies-para-correr,0,58,0%,8.05
https://www.correrjuntos.com/blog/empezar-a-correr-despues-de-los-60#plan-8-semanas,0,58,0%,8.28
https://www.correrjuntos.com/blog/fascitis-plantar-corredores,0,58,0%,9.28
https://www.correrjuntos.com/blog/en/running-groups-seville#why-seville,0,57,0%,7.05
https://www.correrjuntos.com/blog/navegacion-gps-trail-running,0,57,0%,15.28
https://www.correrjuntos.com/places/englischer-garten,0,57,0%,61.21
https://www.correrjuntos.com/blog/en/running-groups-seville#culture,0,56,0%,7.05
https://www.correrjuntos.com/blog/en/running-groups-seville#meetups,0,56,0%,7.05
https://www.correrjuntos.com/blog/en/running-groups-seville#summer,0,56,0%,7.05
https://www.correrjuntos.com/blog/hoka-clifton-9-vs-bondi-8,0,56,0%,7.77
https://www.correrjuntos.com/blog/en/running-shoes/best-running-shoes-to-start-running-2026/,0,56,0%,9.12
https://www.correrjuntos.com/blog/en/running-groups-barcelona#social-running-capital,0,55,0%,7.58
https://www.correrjuntos.com/cities/toronto,0,55,0%,35.38
https://www.correrjuntos.com/races/barcelona-marathon,0,55,0%,45.35
https://www.correrjuntos.com/cities/singapore,0,55,0%,57.27
https://www.correrjuntos.com/blog/seguridad-correr-con-desconocidos,0,54,0%,7.93
https://www.correrjuntos.com/blog/equipamiento/mejores-bandas-frecuencia-cardiaca-running,0,54,0%,13.31
https://www.correrjuntos.com/carreras/trail-cap-de-creus,0,53,0%,14.89
https://www.correrjuntos.com/blog/en/first-ultra-trail-guide,0,53,0%,16.28
https://www.correrjuntos.com/blog/en/hybrid-athletes/best-crossfit-backpacks-2026,0,52,0%,7.13
https://www.correrjuntos.com/blog/empezar-a-correr-despues-de-los-60#equipamiento,0,52,0%,8.48
https://www.correrjuntos.com/blog/empezar-a-correr-despues-de-los-60#errores,0,52,0%,8.48
https://www.correrjuntos.com/blog/correr-con-musica-beneficios,0,52,0%,9
https://www.correrjuntos.com/cities/stockholm,0,52,0%,10.12
https://www.correrjuntos.com/blog/en/running-groups-barcelona#free-meetups,0,51,0%,6.98
https://www.correrjuntos.com/blog/correr-en-ayunas,0,51,0%,45.22
https://www.correrjuntos.com/blog/en/categoria?cat=zapatillas,0,50,0%,5.74
https://www.correrjuntos.com/blog/en/running-groups-barcelona#best-routes,0,50,0%,7.26
https://www.correrjuntos.com/blog/en/start-running-after-40,0,50,0%,9.76
https://www.correrjuntos.com/blog/en/running-in-summer-heat,0,50,0%,26.46
https://www.correrjuntos.com/blog/correr-con-perro-canicross,0,50,0%,27.9
https://www.correrjuntos.com/carreras/media-maraton-malaga,0,50,0%,69.94
https://www.correrjuntos.com/blog/yoga-para-corredores,0,49,0%,17.65
https://www.correrjuntos.com/cities/san-sebastian.html,0,48,0%,8.4
https://www.correrjuntos.com/blog/maraton-sevilla-guia,0,48,0%,20.83
https://www.correrjuntos.com/blog/garmin-venu-3-review,0,47,0%,7.83
https://www.correrjuntos.com/cities/dublin,0,47,0%,43.43
https://www.correrjuntos.com/cities/munich,0,46,0%,7.5
https://www.correrjuntos.com/cities/montevideo.html,0,46,0%,9.39
https://www.correrjuntos.com/equipamiento/ropa-running.html,0,46,0%,39.39
https://www.correrjuntos.com/blog/en/running-groups-barcelona#how-to-choose,0,45,0%,7.31
https://www.correrjuntos.com/blog/diferencia-zapatillas-running-normales,0,45,0%,13.62
https://www.correrjuntos.com/cities/london,0,45,0%,38.62
https://www.correrjuntos.com/blog/mejores-rutas-correr-barcelona.html,0,44,0%,7.61
https://www.correrjuntos.com/blog/andar-vs-correr,0,43,0%,26.65
https://www.correrjuntos.com/carreras/ultra-pirineu,0,42,0%,12
https://www.correrjuntos.com/cities/lisbon,0,42,0%,12.29
https://www.correrjuntos.com/planes/maraton,0,41,0%,18.85
https://www.correrjuntos.com/blog/en/how-to-run-faster,0,41,0%,50.15
https://www.correrjuntos.com/terms,0,40,0%,3.55
https://www.correrjuntos.com/blog/en/meet-people-through-sports,0,40,0%,5.95
https://www.correrjuntos.com/blog/en/marathon-sub-3-30-plan#16-week-plan,0,40,0%,8.5
https://www.correrjuntos.com/blog/en/marathon-sub-3-30-plan#paces,0,40,0%,8.5
https://www.correrjuntos.com/blog/en/strava-vs-garmin-connect#overview-strava,0,40,0%,8.72
https://www.correrjuntos.com/blog/entrenamiento/plan-maraton-16-semanas-sub4h,0,40,0%,19.27
https://www.correrjuntos.com/planes/10k-sub-45,0,40,0%,19.43
https://www.correrjuntos.com/equipamiento/,0,39,0%,5.69
https://www.correrjuntos.com/blog/en/strava-vs-garmin-connect#metricas,0,39,0%,8.79
https://www.correrjuntos.com/blog/nutricion-recuperacion-post-entreno,0,38,0%,16.61
https://www.correrjuntos.com/blog/en/post-run-stretches,0,38,0%,31.37
https://www.correrjuntos.com/equipamiento/suplementos-running.html,0,37,0%,6.38
https://www.correrjuntos.com/planes/trail,0,37,0%,25.97
https://www.correrjuntos.com/blog/jbl-reflect-flow-pro-review,0,36,0%,8.08
https://www.correrjuntos.com/blog/en/marathon-sub-3-30-plan#prerequisites,0,36,0%,8.56
https://www.correrjuntos.com/places/vondelpark,0,36,0%,15
https://www.correrjuntos.com/blog/en/best-budget-running-shoes#the-8-best,0,35,0%,5.17
https://www.correrjuntos.com/cities/dubai.html,0,35,0%,6.6
https://www.correrjuntos.com/blog/mejores-zapatillas-on-running#ranking,0,35,0%,9.6
https://www.correrjuntos.com/blog/en/leg-strength-exercises-runners.html,0,35,0%,28.31
https://www.correrjuntos.com/blog/mejores-zapatillas-running-sobrepeso#las-7-mejores,0,34,0%,4.12
https://www.correrjuntos.com/blog/mejores-zapatillas-running-sobrepeso#tabla-comparativa,0,34,0%,4.12
https://www.correrjuntos.com/blog/en/strava-vs-garmin-connect#gps-tracking,0,34,0%,8.79
https://www.correrjuntos.com/blog/mejores-zapatillas-on-running#como-elegimos,0,34,0%,9.56
https://www.correrjuntos.com/blog/correr-mejora-salud-mental,0,34,0%,11.03
https://www.correrjuntos.com/plans/marathon-under-3-30,0,34,0%,55.71
https://www.correrjuntos.com/blog/en,0,33,0%,2.48
https://www.correrjuntos.com/blog/en/pre-race-anxiety,0,33,0%,19.09
https://www.correrjuntos.com/planes/mayores-de-50,0,32,0%,6.84
https://www.correrjuntos.com/blog/en/strava-vs-garmin-connect#app-movil,0,32,0%,8.72
https://www.correrjuntos.com/blog/en/marathon-sub-3-30-plan#nutrition,0,32,0%,8.78
https://www.correrjuntos.com/blog/como-crear-habito-de-correr,0,32,0%,9.03
https://www.correrjuntos.com/blog/mejores-zapatillas-on-running#comparativa,0,32,0%,9.31
https://www.correrjuntos.com/blog/mejores-bastones-trail-running,0,32,0%,10.84
https://www.correrjuntos.com/blog/entrenamiento/correr-durante-menstruacion-guia-completa-runners,0,32,0%,11.03
https://www.correrjuntos.com/blog/beneficios-correr-en-grupo.html,0,31,0%,6.68
https://www.correrjuntos.com/blog/shokz-openrun-pro-2-review.html,0,31,0%,7.03
https://www.correrjuntos.com/blog/en/madrid-marathon-guide#course,0,31,0%,7.77
https://www.correrjuntos.com/blog/en/best-recovery-drinks-running#recovery-guide,0,31,0%,7.81
https://www.correrjuntos.com/blog/en/how-to-get-back-into-running,0,31,0%,14.65
https://www.correrjuntos.com/cities/toronto.html,0,31,0%,53.29
https://www.correrjuntos.com/calculadora,0,31,0%,72.48
https://www.correrjuntos.com/blog/zapatillas-deka-strong-atlas#ranking,0,30,0%,2.97
https://www.correrjuntos.com/blog/zapatillas-deka-strong-atlas#requisitos,0,30,0%,2.97
https://www.correrjuntos.com/blog/polar-pacer-pro-review,0,30,0%,7.5
https://www.correrjuntos.com/blog/en/best-recovery-drinks-running#the-10-best,0,30,0%,7.63
https://www.correrjuntos.com/blog/empezar-a-correr-despues-de-los-40,0,30,0%,17.57
https://www.correrjuntos.com/blog/dieta-runner-que-comer,0,30,0%,22.17
https://www.correrjuntos.com/blog/en/best-budget-running-shoes#comparison-table,0,29,0%,4.62
https://www.correrjuntos.com/blog/en/best-budget-running-shoes#how-to-find,0,29,0%,4.62
https://www.correrjuntos.com/blog/prevenir-lesiones-running,0,29,0%,19.03
https://www.correrjuntos.com/blog/en/benefits-of-running,0,28,0%,6.32
https://www.correrjuntos.com/blog/mejores-suplementos-runners,0,28,0%,8.75
https://www.correrjuntos.com/blog/mejores-zapatillas-on-running#por-que-on,0,28,0%,9.86
https://www.correrjuntos.com/carreras/ccc-ultra-trail-mont-blanc,0,28,0%,21.43
https://www.correrjuntos.com/plans/post-injury,0,28,0%,58.5
https://www.correrjuntos.com/plans/10k-beginners,0,28,0%,77.14
https://www.correrjuntos.com/blog/como-mantener-motivacion-para-correr,0,27,0%,25.48
https://www.correrjuntos.com/events/amsterdam,0,27,0%,26.41
https://www.correrjuntos.com/blog/mejores-zapatillas-running-sobrepeso#que-buscar,0,26,0%,4.85
https://www.correrjuntos.com/cities/milan,0,26,0%,10.58
https://www.correrjuntos.com/blog/correr-en-verano-calor,0,26,0%,12.92
https://www.correrjuntos.com/blog/en/how-to-breathe-while-running,0,26,0%,27.62
https://www.correrjuntos.com/blog/en/running-in-winter,0,26,0%,48.15
https://www.correrjuntos.com/blog/correr-es-social-tendencia,0,25,0%,7.96
https://www.correrjuntos.com/blog/en/runner-psychology,0,25,0%,9.2
https://www.correrjuntos.com/planes/primer-mes,0,25,0%,12.8
https://www.correrjuntos.com/planes/media-maraton,0,25,0%,13.12
https://www.correrjuntos.com/blog/mejores-zapatillas-hyrox#que-buscar,0,24,0%,5.75
https://www.correrjuntos.com/blog/mejores-zapatillas-hyrox#ranking,0,24,0%,5.75
https://www.correrjuntos.com/carreras/,0,24,0%,6.54
https://www.correrjuntos.com/blog/en/asics-gel-nimbus-26-vs-nike-pegasus-41#nike-pegasus-41-in-detail,0,24,0%,7.29
https://www.correrjuntos.com/blog/en/running-groups-valencia#best-groups,0,24,0%,7.38
https://www.correrjuntos.com/blog/en/madrid-marathon-guide#key-facts,0,24,0%,7.42
https://www.correrjuntos.com/blog/en/madrid-marathon-guide#race-day-tips,0,24,0%,7.58
https://www.correrjuntos.com/blog/recuperar-ganas-de-correr,0,24,0%,8.33
https://www.correrjuntos.com/blog/en/common-running-mistakes,0,24,0%,8.71
https://www.correrjuntos.com/cities/brussels.html,0,24,0%,9.71
https://www.correrjuntos.com/carreras/tenerife-bluetrail,0,24,0%,37.33
https://www.correrjuntos.com/blog/en/categoria,0,24,0%,55.04
https://www.correrjuntos.com/blog/beneficios-correr-en-grupo,0,23,0%,6.65
https://www.correrjuntos.com/blog/en/uphill-downhill-running-technique,0,23,0%,6.78
https://www.correrjuntos.com/cities/murcia.html,0,23,0%,7.65
https://www.correrjuntos.com/blog/en/new-balance-1080-vs-hoka-clifton#overview,0,23,0%,9.04
https://www.correrjuntos.com/cities/oslo.html,0,23,0%,10.52
https://www.correrjuntos.com/places/stanley-park,0,23,0%,20.43
https://www.correrjuntos.com/planes/maraton-principiantes,0,23,0%,52.96
https://www.correrjuntos.com/blog/en/new-balance-1080-vs-hoka-clifton#fit-and-comfort,0,22,0%,9.09
https://www.correrjuntos.com/cities/sao-paulo,0,22,0%,13
https://www.correrjuntos.com/blog/como-respirar-al-correr,0,22,0%,13.18
https://www.correrjuntos.com/recursos/en/couch-to-5k-plan/,0,22,0%,13.64
https://www.correrjuntos.com/blog/en/categoria?cat=equipamiento,0,21,0%,4.95
https://www.correrjuntos.com/blog/mejores-pulsometros-running-2026#comparativa,0,21,0%,5.24
https://www.correrjuntos.com/blog/ritmo-para-principiantes-running#zonas-fc,0,21,0%,7.05
https://www.correrjuntos.com/blog/en/asics-gel-nimbus-26-vs-nike-pegasus-41#asics-gel-nimbus-26-in-detail,0,21,0%,7.19
https://www.correrjuntos.com/blog/en/new-balance-1080-vs-hoka-clifton#durability-value,0,21,0%,9.24
https://www.correrjuntos.com/blog/como-evitar-problemas-digestivos-correr,0,21,0%,16.48
https://www.correrjuntos.com/blog/correr-embarazada-seguro,0,21,0%,41.71
https://www.correrjuntos.com/planes/media-maraton-principiantes,0,21,0%,43.14
https://www.correrjuntos.com/planes/10k-sub-50,0,21,0%,45.1
https://www.correrjuntos.com/blog/mejores-apps-running#como-elegir-app-running,0,20,0%,2.75
https://www.correrjuntos.com/blog/mejores-apps-running#el-ranking-10-apps-que-merecen-la-pena,0,20,0%,2.75
https://www.correrjuntos.com/blog/mejores-zapatillas-hyrox#comparativa,0,20,0%,5.75
https://www.correrjuntos.com/blog/en/running-groups-valencia#best-routes,0,20,0%,6.35
https://www.correrjuntos.com/blog/ritmo-para-principiantes-running#errores,0,20,0%,7.1
https://www.correrjuntos.com/places/tiergarten,0,20,0%,12.9
https://www.correrjuntos.com/blog/en/core-workout-for-runners,0,20,0%,16.65
https://www.correrjuntos.com/cities/chicago,0,20,0%,26.5
https://www.correrjuntos.com/blog/categoria,0,20,0%,37.65
https://www.correrjuntos.com/blog/en/yoga-for-runners,0,20,0%,59.05
https://www.correrjuntos.com/cities/berlin.html,0,19,0%,5.95
https://www.correrjuntos.com/blog/en/asics-gel-nimbus-26-vs-nike-pegasus-41#which-one-is-for-you,0,19,0%,7.63
https://www.correrjuntos.com/blog/running/como-empezar-a-correr-desde-cero,0,18,0%,3.78
https://www.correrjuntos.com/cities/manchester,0,18,0%,7.28
https://www.correrjuntos.com/blog/sandbag-lunges-hyrox,0,18,0%,8.33
https://www.correrjuntos.com/cities/sydney,0,18,0%,8.83
https://www.correrjuntos.com/blog/en/running-belts#como-elegir,0,18,0%,9.22
https://www.correrjuntos.com/blog/en/running-belts#ranking,0,18,0%,9.22
https://www.correrjuntos.com/cities/vancouver,0,18,0%,12.83
https://www.correrjuntos.com/blog/en/how-to-build-running-habit,0,18,0%,18.06
https://www.correrjuntos.com/planes/trail-principiantes,0,18,0%,21.78
https://www.correrjuntos.com/cities/melbourne.html,0,18,0%,25.89
https://www.correrjuntos.com/cities/austin,0,18,0%,28.39
https://www.correrjuntos.com/blog/en/beginner-running-mistakes-nobody-tells,0,17,0%,5.06
https://www.correrjuntos.com/blog/carreras-trail-principiantes#que-hace-buena-trail,0,17,0%,6.53
https://www.correrjuntos.com/blog/carreras-trail-principiantes#ranking,0,17,0%,6.53
https://www.correrjuntos.com/blog/en/asics-gel-nimbus-26-vs-nike-pegasus-41#quick-comparison,0,17,0%,6.76
https://www.correrjuntos.com/blog/correr-por-la-noche-consejos,0,17,0%,6.82
https://www.correrjuntos.com/blog/en/running-groups-valencia#how-to-choose,0,17,0%,7.65
https://www.correrjuntos.com/blog/en/why-group-running-is-addictive,0,17,0%,8.24
https://www.correrjuntos.com/blog/mejores-geles-energeticos-running#como-funcionan,0,17,0%,8.76
https://www.correrjuntos.com/plans/half-marathon-beginners,0,17,0%,75.88
https://www.correrjuntos.com/sobre-nosotros.html,0,16,0%,5.38
https://www.correrjuntos.com/blog/en/running-improves-mental-health,0,16,0%,7
https://www.correrjuntos.com/blog/en/marathon-sub-3-30-plan#race-strategy,0,16,0%,8.12
https://www.correrjuntos.com/events/london,0,16,0%,8.31
https://www.correrjuntos.com/blog/en/marathon-sub-3-30-plan#key-workouts,0,16,0%,8.44
https://www.correrjuntos.com/blog/en/garmin-forerunner-55-review#comparison,0,16,0%,8.75
https://www.correrjuntos.com/blog/en/garmin-forerunner-55-review#whats-missing,0,16,0%,8.75
https://www.correrjuntos.com/blog/en/new-balance-1080-vs-hoka-clifton#cushioning-comparison,0,16,0%,9.25
https://www.correrjuntos.com/blog/en/running-belts#cinturon-vs-chaleco,0,16,0%,9.25
https://www.correrjuntos.com/blog/mejores-pulsometros-running-2026#guia,0,15,0%,4.8
https://www.correrjuntos.com/blog/en/asics-gel-nimbus-26-vs-nike-pegasus-41#head-to-head-comparison,0,15,0%,7.27
https://www.correrjuntos.com/blog/ropa-correr-segun-temperatura#capas,0,15,0%,7.27
https://www.correrjuntos.com/blog/correrjuntos-vs-strava-grupos,0,15,0%,8.6
https://www.correrjuntos.com/blog/mejores-auriculares-baratos-running#introduccion,0,15,0%,9.6
https://www.correrjuntos.com/blog/mejores-auriculares-baratos-running#soundcore-sport-x10,0,15,0%,9.6
https://www.correrjuntos.com/blog/motivacion-para-correr,0,15,0%,21.2
https://www.correrjuntos.com/blog/en/categoria/,0,15,0%,40.87
https://www.correrjuntos.com/blog/ropa-correr-segun-temperatura#tabla-temperatura,0,14,0%,7.07
https://www.correrjuntos.com/blog/en/madrid-marathon-guide#training,0,14,0%,7.43
https://www.correrjuntos.com/blog/en/madrid-marathon-guide#accommodation,0,14,0%,7.71
https://www.correrjuntos.com/blog/alimentos-antiinflamatorios-runners,0,14,0%,7.93
https://www.correrjuntos.com/blog/en/strava-vs-garmin-connect#segmentos,0,14,0%,8.86
https://www.correrjuntos.com/cities/manchester.html,0,14,0%,11.07
https://www.correrjuntos.com/cities/sao-paulo.html,0,14,0%,12.64
https://www.correrjuntos.com/plans/trail-beginners,0,14,0%,26
https://www.correrjuntos.com/cities/melbourne,0,14,0%,40
https://www.correrjuntos.com/blog/carreras-trail-principiantes#como-elegir,0,13,0%,6.62
https://www.correrjuntos.com/blog/carreras-trail-principiantes#nutricion,0,13,0%,6.62
https://www.correrjuntos.com/blog/en/madrid-marathon-guide#why-madrid,0,13,0%,8.08
https://www.correrjuntos.com/blog/mejores-geles-energeticos-running#entrenar-intestino,0,13,0%,8.85
https://www.correrjuntos.com/blog/en/new-balance-1080-vs-hoka-clifton#performance-on-road,0,13,0%,9.69
https://www.correrjuntos.com/cities/bogota.html,0,13,0%,10.69
https://www.correrjuntos.com/cities/amsterdam.html,0,13,0%,10.92
https://www.correrjuntos.com/blog/en/stretching-before-after-running,0,13,0%,11
https://www.correrjuntos.com/planes/velocidad,0,13,0%,12.15
https://www.correrjuntos.com/blog/rodilla-del-corredor,0,13,0%,12.38
https://www.correrjuntos.com/plans/5k-under-25,0,13,0%,18.85
https://www.correrjuntos.com/blog/zapatillas-deka-strong-atlas#comparativa,0,12,0%,2
https://www.correrjuntos.com/blog/ritmo-para-principiantes-running#no-universal,0,12,0%,6.08
https://www.correrjuntos.com/blog/carreras-trail-principiantes#errores-comunes,0,12,0%,6.25
https://www.correrjuntos.com/blog/en/asics-gel-nimbus-26-vs-nike-pegasus-41#alternatives-to-consider,0,12,0%,7.08
https://www.correrjuntos.com/planes/despues-de-lesion,0,12,0%,7.42
https://www.correrjuntos.com/blog/ropa-correr-segun-temperatura#tejidos,0,12,0%,7.58
https://www.correrjuntos.com/blog/calambres-al-correr,0,12,0%,8.92
https://www.correrjuntos.com/blog/mejores-auriculares-baratos-running#shokz-openmove,0,12,0%,9.75
https://www.correrjuntos.com/blog/en/running-motivation-tips,0,12,0%,15.08
https://www.correrjuntos.com/blog/que-comer-despues-de-correr,0,12,0%,39.42
https://www.correrjuntos.com/blog/ritmo-para-principiantes-running#mejorar,0,11,0%,6.09
https://www.correrjuntos.com/blog/ritmo-para-principiantes-running#ritmos-orientativos,0,11,0%,6.09
https://www.correrjuntos.com/blog/ritmo-para-principiantes-running#test-habla,0,11,0%,6.09
https://www.correrjuntos.com/blog/ropa-correr-segun-temperatura#regla-oro,0,11,0%,7.55
https://www.correrjuntos.com/blog/en/madrid-marathon-guide#registration,0,11,0%,7.91
https://www.correrjuntos.com/cities/valencia.html,0,11,0%,10.91
https://www.correrjuntos.com/recursos/plan-0-5k/,0,11,0%,11.27
https://www.correrjuntos.com/blog/categoria/,0,11,0%,54.64
https://www.correrjuntos.com/plans/lose-weight,0,11,0%,62.55
https://www.correrjuntos.com/blog/mejores-zapatillas-running-sobrepeso#consejos-empezar,0,10,0%,2.1
https://www.correrjuntos.com/blog/mejores-pulsometros-running-2026#tabla,0,10,0%,5.5
https://www.correrjuntos.com/places/golden-gate-park,0,10,0%,6.9
https://www.correrjuntos.com/blog/grupos-running-madrid#mejores-grupos,0,10,0%,7.9
https://www.correrjuntos.com/blog/grupos-running-madrid#quedadas-gratuitas,0,10,0%,7.9
https://www.correrjuntos.com/blog/en/benefits-of-group-running,0,10,0%,8.1
https://www.correrjuntos.com/blog/mejores-auriculares-baratos-running#jlab-go-air-sport,0,10,0%,10.9
https://www.correrjuntos.com/blog/mejores-auriculares-baratos-running#qcy-t13-anc,0,10,0%,10.9
https://www.correrjuntos.com/blog/mejores-auriculares-baratos-running#xiaomi-buds-4-lite,0,10,0%,10.9
https://www.correrjuntos.com/blog/estiramientos-post-carrera.html,0,10,0%,19.8
https://www.correrjuntos.com/blog/gorras-running#ranking,0,9,0%,3.56
https://www.correrjuntos.com/blog/carreras-trail-principiantes#recuperacion,0,9,0%,7.44
https://www.correrjuntos.com/blog/grupos-running-madrid-principiantes#rutas,0,9,0%,7.44
https://www.correrjuntos.com/blog/carreras-trail-principiantes#que-llevar,0,9,0%,7.67
https://www.correrjuntos.com/blog/zona-2-running-quemar-grasa#adaptaciones,0,9,0%,8.11
https://www.correrjuntos.com/blog/zona-2-running-quemar-grasa#calcular,0,9,0%,8.11
https://www.correrjuntos.com/blog/zona-2-running-quemar-grasa#plan-semanal,0,9,0%,8.11
https://www.correrjuntos.com/blog/zona-2-running-quemar-grasa#que-es,0,9,0%,8.11
https://www.correrjuntos.com/blog/zona-2-running-quemar-grasa#senales,0,9,0%,8.11
https://www.correrjuntos.com/blog/zona-2-running-quemar-grasa#zona2-vs-hiit,0,9,0%,8.11
https://www.correrjuntos.com/blog/grupos-running-madrid#como-elegir,0,9,0%,8.22
https://www.correrjuntos.com/cities/buenos-aires.html,0,9,0%,10.56
https://www.correrjuntos.com/blog/por-que-dejan-correr-3-meses,0,9,0%,11.56
https://www.correrjuntos.com/blog/mejores-recuperadores-running#como-funciona,0,8,0%,4.5
https://www.correrjuntos.com/blog/mejores-recuperadores-running#los-10-mejores,0,8,0%,4.5
https://www.correrjuntos.com/blog/mejores-recuperadores-running#tabla-comparativa,0,8,0%,4.5
https://www.correrjuntos.com/plans/half-marathon-under-1-45,0,8,0%,6.12
https://www.correrjuntos.com/blog/en/running-groups-valencia#free-meetups,0,8,0%,6.5
https://www.correrjuntos.com/blog/en/best-recovery-drinks-running#comparison-table,0,8,0%,6.88
https://www.correrjuntos.com/blog/en/best-recovery-drinks-running#quick-summary,0,8,0%,6.88
https://www.correrjuntos.com/places/regents-park,0,8,0%,7.62
https://www.correrjuntos.com/blog/en/best-running-shoes-overweight#the-7-best,0,8,0%,8
https://www.correrjuntos.com/blog/en/garmin-forerunner-55-review#battery,0,8,0%,8.62
https://www.correrjuntos.com/blog/en/garmin-forerunner-55-review#design,0,8,0%,8.62
https://www.correrjuntos.com/blog/en/garmin-forerunner-55-review#price,0,8,0%,8.62
https://www.correrjuntos.com/blog/en/garmin-forerunner-55-review#running-features,0,8,0%,8.62
https://www.correrjuntos.com/blog/en/garmin-forerunner-55-review#who-for,0,8,0%,8.62
https://www.correrjuntos.com/blog/mejores-auriculares-baratos-running#jbl-endurance-run-2,0,8,0%,8.88
https://www.correrjuntos.com/cities/san-francisco,0,8,0%,15
https://www.correrjuntos.com/plans/first-month,0,8,0%,20.88
https://www.correrjuntos.com/plans/10k-under-45,0,8,0%,43.25
https://www.correrjuntos.com/blog/como-calentar-antes-de-correr,0,8,0%,43.5
https://www.correrjuntos.com/plans/marathon-beginners,0,8,0%,74.38
https://www.correrjuntos.com/blog/gorras-running#por-que-gorra,0,7,0%,4.29
https://www.correrjuntos.com/blog/en/how-to-stay-motivated-to-run,0,7,0%,5.43
https://www.correrjuntos.com/blog/maraton-madrid-guia#recorrido,0,7,0%,5.71
https://www.correrjuntos.com/blog/maraton-madrid-guia#preparacion,0,7,0%,6.14
https://www.correrjuntos.com/blog/autor/carlos-ruiz,0,7,0%,6.29
https://www.correrjuntos.com/blog/grupos-running-madrid-principiantes#empezar,0,7,0%,7
https://www.correrjuntos.com/cities/rome.html,0,7,0%,7.29
https://www.correrjuntos.com/blog/grupos-running-madrid#por-que-madrid,0,7,0%,8.71
https://www.correrjuntos.com/blog/gorras-running#gorra-vs-visera,0,6,0%,3.33
https://www.correrjuntos.com/blog/maraton-madrid-guia#datos-clave,0,6,0%,5
https://www.correrjuntos.com/blog/carreras-trail-principiantes#plan-entrenamiento,0,6,0%,5.5
https://www.correrjuntos.com/blog/maraton-madrid-guia#por-que-madrid,0,6,0%,5.5
https://www.correrjuntos.com/blog/mejores-pulsometros-running-2026#zonas,0,6,0%,5.83
https://www.correrjuntos.com/cities/sydney.html,0,6,0%,7.5
https://www.correrjuntos.com/blog/en/best-budget-running-shoes#saving-tips,0,6,0%,7.83
https://www.correrjuntos.com/blog/grupos-running-madrid#mejores-rutas,0,6,0%,9.33
https://www.correrjuntos.com/blog/mejores-auriculares-baratos-running#tozo-t6,0,6,0%,11
https://www.correrjuntos.com/blog/soledad-del-runner,0,6,0%,18.67
https://www.correrjuntos.com/blog/nutricion-dia-de-carrera,0,6,0%,25.83
https://www.correrjuntos.com/blog/gafas-running#como-elegir,0,5,0%,3.6
https://www.correrjuntos.com/blog/gafas-running#comparativa,0,5,0%,3.6
https://www.correrjuntos.com/blog/gafas-running#ranking,0,5,0%,3.6
https://www.correrjuntos.com/blog/maraton-madrid-guia#alojamiento,0,5,0%,5.6
https://www.correrjuntos.com/blog/maraton-madrid-guia#consejos-dia-carrera,0,5,0%,5.6
https://www.correrjuntos.com/blog/maraton-madrid-guia#inscripcion,0,5,0%,5.6
https://www.correrjuntos.com/blog/correr-acompanado-engancha-mas,0,5,0%,6.6
https://www.correrjuntos.com/blog/en/running-groups-valencia#perfect-city,0,5,0%,7.2
https://www.correrjuntos.com/cities/stockholm.html,0,5,0%,7.2
https://www.correrjuntos.com/blog/en/best-running-shoes-overweight#what-to-look-for,0,5,0%,7.4
https://www.correrjuntos.com/cities/dublin.html,0,5,0%,7.6
https://www.correrjuntos.com/cities/malaga.html,0,5,0%,7.6
https://www.correrjuntos.com/plans/marathon-under-3,0,5,0%,9.2
https://www.correrjuntos.com/blog/grupos-running-madrid-principiantes#grupos,0,5,0%,9.4
https://www.correrjuntos.com/cities/tenerife.html,0,5,0%,9.6
https://www.correrjuntos.com/blog/categoria?cat=salud,0,5,0%,16.2
https://www.correrjuntos.com/cities/los-angeles.html,0,5,0%,18.6
https://www.correrjuntos.com/plans/half-marathon-under-1-30,0,5,0%,29.2
https://www.correrjuntos.com/blog/gorras-running#color-calor,0,4,0%,4.5
https://www.correrjuntos.com/blog/gorras-running#cuando-usar,0,4,0%,4.5
https://www.correrjuntos.com/blog/gorras-running#trail-vs-asfalto,0,4,0%,4.5
https://www.correrjuntos.com/blog/como-elegir-reloj-gps-running,0,4,0%,5.5
https://www.correrjuntos.com/blog/garmin-forerunner-265-vs-coros-pace-3,0,4,0%,5.75
https://www.correrjuntos.com/blog/apps-correr-en-grupo#correrjuntos,0,4,0%,7
https://www.correrjuntos.com/blog/apps-correr-en-grupo#por-que,0,4,0%,7
https://www.correrjuntos.com/blog/apps-correr-en-grupo#strava,0,4,0%,7
https://www.correrjuntos.com/blog/mejores-geles-energeticos-running#los-10-mejores,0,4,0%,8.5
https://www.correrjuntos.com/blog/mejores-geles-energeticos-running#tabla-comparativa,0,4,0%,8.5
https://www.correrjuntos.com/cities/mexico-city.html,0,4,0%,8.5
https://www.correrjuntos.com/blog/grupos-running-madrid-principiantes#consejos,0,4,0%,9.25
https://www.correrjuntos.com/cities/new-york.html,0,4,0%,9.25
https://www.correrjuntos.com/blog/en/best-half-marathon-shoes#best-carbon-plated,0,4,0%,9.5
https://www.correrjuntos.com/blog/en/best-half-marathon-shoes#what-makes-great-race-shoe,0,4,0%,9.5
https://www.correrjuntos.com/blog/grupos-running-madrid-principiantes#marcas,0,4,0%,9.75
https://www.correrjuntos.com/blog/como-preparar-primera-carrera-5k.html,0,4,0%,10.75
https://www.correrjuntos.com/cities/vancouver.html,0,4,0%,20.25
https://www.correrjuntos.com/plans/over-50,0,4,0%,36.75
https://www.correrjuntos.com/blog/running/como-empezar-a-correr-desde-cero/,0,4,0%,47
https://www.correrjuntos.com/places/kings-park,0,4,0%,54
https://www.correrjuntos.com/blog/en/categoria?cat=nutricion,0,3,0%,2.67
https://www.correrjuntos.com/blog/equipamiento/las-10-mejores-gafas-deportivas-para-correr-en-2026/,0,3,0%,3.33
https://www.correrjuntos.com/blog/categoria/?cat=zapatillas,0,3,0%,4
https://www.correrjuntos.com/blog/carreras-trail-principiantes#tabla-comparativa,0,3,0%,4.67
https://www.correrjuntos.com/blog/gorras-running#proteccion-uv,0,3,0%,4.67
https://www.correrjuntos.com/blog/hoka-clifton-10-vs-asics-novablast-5#amortiguacion,0,3,0%,5.33
https://www.correrjuntos.com/blog/hoka-clifton-10-vs-asics-novablast-5#ficha-tecnica,0,3,0%,5.33
https://www.correrjuntos.com/blog/hoka-clifton-10-vs-asics-novablast-5#para-quien,0,3,0%,5.33
https://www.correrjuntos.com/blog/hoka-clifton-10-vs-asics-novablast-5#suela,0,3,0%,5.33
https://www.correrjuntos.com/blog/hoka-clifton-10-vs-asics-novablast-5#upper,0,3,0%,5.33
https://www.correrjuntos.com/blog/mejores-recuperadores-running#resumen-rapido,0,3,0%,5.33
https://www.correrjuntos.com/blog/apps-correr-en-grupo#runtastic,0,3,0%,6.33
https://www.correrjuntos.com/blog/en/running-hydration-vests#ranking,0,3,0%,6.33
https://www.correrjuntos.com/cities/paris.html,0,3,0%,6.67
https://www.correrjuntos.com/cities/barcelona.html,0,3,0%,7
https://www.correrjuntos.com/blog/apps-correr-en-grupo#garmin,0,3,0%,8.33
https://www.correrjuntos.com/blog/apps-correr-en-grupo#meetup,0,3,0%,8.33
https://www.correrjuntos.com/blog/apps-correr-en-grupo#parkrun,0,3,0%,8.33
https://www.correrjuntos.com/blog/en/best-running-shoes-overweight#comparison-table,0,3,0%,9
https://www.correrjuntos.com/blog/en/best-running-shoes-overweight#tips-getting-started,0,3,0%,9
https://www.correrjuntos.com/blog/mejores-geles-energeticos-running#resumen-rapido,0,3,0%,9
https://www.correrjuntos.com/cities/chicago.html,0,3,0%,9
https://www.correrjuntos.com/blog/grupos-running-madrid-principiantes#clima,0,3,0%,9.67
https://www.correrjuntos.com/blog/grupos-running-madrid-principiantes#parkrun,0,3,0%,9.67
https://www.correrjuntos.com/plans,0,3,0%,27
https://www.correrjuntos.com/plans/marathon-under-4,0,3,0%,32.67
https://www.correrjuntos.com/blog/categoria/entrenamiento,0,3,0%,64.67
https://www.correrjuntos.com/blog/gorras-running#tabla-comparativa,0,2,0%,1
https://www.correrjuntos.com/blog/mejores-zapatillas-running-sobrepeso#por-que-peso-importa,0,2,0%,3.5
https://www.correrjuntos.com/blog/en/polar-pacer-pro-review#comparativa,0,2,0%,4
https://www.correrjuntos.com/blog/en/polar-pacer-pro-review#entrenamiento-polar,0,2,0%,4
https://www.correrjuntos.com/blog/en/polar-pacer-pro-review#por-que-especial,0,2,0%,4
https://www.correrjuntos.com/blog/en/running-groups-madrid#best-groups,0,2,0%,4.5
https://www.correrjuntos.com/blog/en/running-groups-madrid#why-madrid,0,2,0%,4.5
https://www.correrjuntos.com/blog/en/running-hydration-vests#buying-guide,0,2,0%,4.5
https://www.correrjuntos.com/cities/los-angeles,0,2,0%,4.5
https://www.correrjuntos.com/blog/en/strava-vs-garmin-connect#planes-entrenamiento,0,2,0%,6
https://www.correrjuntos.com/cities/oviedo.html,0,2,0%,6.5
https://www.correrjuntos.com/plans/fasted-running,0,2,0%,7
https://www.correrjuntos.com/blog/mejores-geles-energeticos-running#recomendaciones,0,2,0%,7.5
https://www.correrjuntos.com/blog/mejores-geles-energeticos-running#timing,0,2,0%,7.5
https://www.correrjuntos.com/blog/salomon-speedcross-6-vs-hoka-speedgoat-6#alternativas-a-considerar,0,2,0%,7.5
https://www.correrjuntos.com/blog/salomon-speedcross-6-vs-hoka-speedgoat-6#comparativa-punto-a-punto,0,2,0%,7.5
https://www.correrjuntos.com/blog/salomon-speedcross-6-vs-hoka-speedgoat-6#comparativa-rapida,0,2,0%,7.5
https://www.correrjuntos.com/blog/salomon-speedcross-6-vs-hoka-speedgoat-6#cual-es-para-ti,0,2,0%,7.5
https://www.correrjuntos.com/blog/salomon-speedcross-6-vs-hoka-speedgoat-6#hoka-speedgoat-6-en-detalle,0,2,0%,7.5
https://www.correrjuntos.com/blog/salomon-speedcross-6-vs-hoka-speedgoat-6#salomon-speedcross-6-en-detalle,0,2,0%,7.5
https://www.correrjuntos.com/blog/categoria?cat=rutas,0,2,0%,8
https://www.correrjuntos.com/blog/correr-durante-menopausia#beneficios,0,2,0%,8
https://www.correrjuntos.com/blog/mejores-rutas-correr-malaga.html,0,2,0%,8
https://www.correrjuntos.com/blog/categoria/?cat=rutas,0,2,0%,8.5
https://www.correrjuntos.com/cities/austin.html,0,2,0%,8.5
https://www.correrjuntos.com/blog/en/nutrition-for-runners,0,2,0%,9
https://www.correrjuntos.com/blog/atletas-hibridos/,0,2,0%,9.5
https://www.correrjuntos.com/blog/san-silvestre-vallecana-guia#consejos-dia-carrera,0,2,0%,11
https://www.correrjuntos.com/blog/san-silvestre-vallecana-guia#datos-clave,0,2,0%,11
https://www.correrjuntos.com/blog/san-silvestre-vallecana-guia#inscripci%C3%B3n,0,2,0%,11
https://www.correrjuntos.com/blog/san-silvestre-vallecana-guia#por-que-san-silvestre,0,2,0%,11
https://www.correrjuntos.com/blog/san-silvestre-vallecana-guia#preparaci%C3%B3n,0,2,0%,11
https://www.correrjuntos.com/blog/san-silvestre-vallecana-guia#recorrido,0,2,0%,11
https://www.correrjuntos.com/blog/san-silvestre-vallecana-guia#tradici%C3%B3n-nochevieja,0,2,0%,11
https://www.correrjuntos.com/plans/endurance,0,2,0%,36.5
https://www.correrjuntos.com/planes/correr-en-ayunas,0,2,0%,43
https://www.correrjuntos.com/planes/resistencia,0,2,0%,44.5
https://www.correrjuntos.com/blog/en/gluten-free-foods-for-runners,0,1,0%,1
https://www.correrjuntos.com/blog/categoria/?cat=nutricion,0,1,0%,2
https://www.correrjuntos.com/blog/categoria?cat=zapatillas,0,1,0%,2
https://www.correrjuntos.com/blog/mejores-rutas-correr-sevilla#clima,0,1,0%,3
https://www.correrjuntos.com/blog/mejores-rutas-correr-sevilla#consejos,0,1,0%,3
https://www.correrjuntos.com/blog/mejores-rutas-correr-sevilla#porque,0,1,0%,3
https://www.correrjuntos.com/blog/mejores-rutas-correr-sevilla#rutas,0,1,0%,3
https://www.correrjuntos.com/blog/gorras-running#gestion-sudor,0,1,0%,4