URL,Último rastreo
https://www.correrjuntos.com/races/trail-terres-ebre,2026-03-29
https://www.correrjuntos.com/blog/en/benefits-running-groups,2026-03-16
https://www.correrjuntos.com/blog/en/best-omega-3-runners,2026-03-16
https://www.correrjuntos.com/blog/en/common-mistakes-runners,2026-03-16
https://www.correrjuntos.com/blog/en/trail-running-mandatory-gear,2026-03-16
https://www.correrjuntos.com/cj_verify,2026-03-13
https://www.correrjuntos.com/blog/en/best-bcaas-runners,2026-03-09
https://www.correrjuntos.com/blog/en/running-groups-zaragoza,2026-03-07
https://www.correrjuntos.com/blog/en/running-at-night-tips,2026-03-06
https://www.correrjuntos.com/blog/grupos-running-barcelona,2026-03-06
https://www.correrjuntos.com/blog/grupos-correr-granada,2026-03-06
https://www.correrjuntos.com/blog/en/best-gps-running-watches,2026-03-05
https://www.correrjuntos.com/blog/en/how-to-join-a-running-group,2026-03-05
https://www.correrjuntos.com/blog/en/couch-to-5k,2026-03-05
https://www.correrjuntos.com/blog/en/best-running-routes-seville,2026-03-05
https://www.correrjuntos.com/blog/en/couch-to-5k-guide,2026-03-05
https://www.correrjuntos.com/blog/descanso-y-recuperacion-running,2026-03-05
https://www.correrjuntos.com/equipamiento/en/trail-running-shoes,2026-03-05
https://www.correrjuntos.com/blog/en/technical-running-clothing,2026-03-05
https://www.correrjuntos.com/blog/en/beginner-running-mistakes,2026-03-05
https://www.correrjuntos.com/blog/estiramientos-despues-de-correr,2026-03-05
https://www.correrjuntos.com/equipamiento/en/running-shoes,2026-03-05
https://www.correrjuntos.com/recursos/en/,2026-03-05
https://www.correrjuntos.com/blog/hidratacion-running,2026-03-05
https://www.correrjuntos.com/blog/en/knee-pain-running,2026-03-05
https://www.correrjuntos.com/blog/ritmo-para-principiantes,2026-03-05
https://www.correrjuntos.com/blog/en/prepare-first-5k-race,2026-03-05
https://www.correrjuntos.com/equipamiento/en/,2026-03-04
https://www.correrjuntos.com/recursos/,2026-03-04
https://www.correrjuntos.com/blog/zapatillas-trail-running,2026-03-04
https://www.correrjuntos.com/blog/en/start-running-beginners-guide,2026-03-04
https://www.correrjuntos.com/blog/mejores-zapatillas-trail,2026-03-03
https://www.correrjuntos.com/legal/aviso-legal.html,2026-03-03
https://www.correrjuntos.com/blog/mejores-relojes-gps-running,2026-03-03
https://www.correrjuntos.com/blog/en/nutrition-tips-marathon,2026-03-03
https://www.correrjuntos.com/blog/en/best-running-gels,2026-03-03
https://www.correrjuntos.com/blog/en/best-gps-watch-running,2026-03-03
https://www.correrjuntos.com/blog/nutricion-maraton-guia-completa,2026-03-03
https://www.correrjuntos.com/blog/mejores-geles-energia-running,2026-03-03
https://www.correrjuntos.com/blog/en/best-running-shoes-road,2026-03-03
https://www.correrjuntos.com/blog/en/marathon-nutrition-guide,2026-03-03
https://www.correrjuntos.com/10,2026-03-03
https://www.correrjuntos.com/blog/como-empezar-trail-running,2026-03-03
https://www.correrjuntos.com/cities/en/,2026-03-03
https://www.correrjuntos.com/blog/en/hydration-running-complete-guide,2026-03-03
https://www.correrjuntos.com/blog/nutricion-antes-de-correr,2026-03-03
https://www.correrjuntos.com/blog/en/join-a-running-group,2026-03-03
https://www.correrjuntos.com/blog/en/bone-conduction-vs-in-ear-headphones-running,2026-03-03
https://www.correrjuntos.com/blog/en/winter-running-guide,2026-03-02
https://www.correrjuntos.com/blog/en/running-with-extra-weight,2026-03-02
https://www.correrjuntos.com/blog/en/best-apps-group-running,2026-03-02
https://www.correrjuntos.com/blog/en/runner-nutrition-guide,2026-03-02
https://www.correrjuntos.com/blog/nutrición-dia-de-carrera.html,2026-03-02
https://www.correrjuntos.com/mês,2026-03-02
https://www.correrjuntos.com/blog/en/runner-nutrition,2026-03-02
https://www.correrjuntos.com/blog/en/benefits-of-running-in-a-group,2026-03-02
https://www.correrjuntos.com/privacidad,2026-03-01
https://www.correrjuntos.com/blog/empezar-a-correr-desde-cero,2026-03-01
https://www.correrjuntos.com/blog/en/stretches-before-after-running,2026-03-01
https://www.correrjuntos.com/blog/en/running-alone-vs-with-others,2026-03-01
https://www.correrjuntos.com/blog/en/beginner-running-guide,2026-03-01
https://www.correrjuntos.com/blog/en/best-energy-gels-marathon,2026-03-01